queue_name	node_name	qtype	ncore_resv	ncore_used	ncore_total	np_load	arch	status	hl:arch	hl:num_proc	hl:mem_total	hl:swap_total	hl:virtual_total	hl:m_topology	hl:m_topology_inuse	hl:m_socket	hl:m_core	hl:m_thread	hl:m_gpu	hl:load_avg	hl:load_short	hl:load_medium	hl:load_long	hl:mem_free	hl:swap_free	hl:virtual_free	hl:mem_used	hl:swap_used	hl:virtual_used	hl:cpu	hl:m_cache_l1	hl:m_cache_l2	hl:m_cache_l3	hl:m_mem_total	hl:m_mem_used	hl:m_mem_free	hl:m_numa_nodes	hl:m_mem_total_n0	hl:m_mem_total_n1	hl:m_mem_total_n2	hl:m_mem_total_n3	hl:m_mem_total_n4	hl:m_mem_total_n5	hl:m_mem_total_n6	hl:m_mem_total_n7	hl:m_topology_numa	hl:docker	hl:np_load_avg	hl:np_load_short	hl:np_load_medium	hl:np_load_long	hc:m_mem_free_n0	hc:m_mem_free_n1	hc:m_mem_free_n2	hc:m_mem_free_n3	hc:mem_req	hc:m_mem_free_n4	hc:m_mem_free_n5	hc:m_mem_free_n6	hc:m_mem_free_n7	qf:qname	qf:hostname	qc:slots	qf:seq_no	qf:rerun	qf:tmpdir	qf:calendar	qf:s_rt	qf:h_rt	qf:d_rt	qf:s_cpu	qf:h_cpu	qf:s_fsize	qf:h_fsize	qf:s_data	qf:h_data	qf:s_stack	qf:h_stack	qf:s_core	qf:h_core	qf:s_rss	qf:h_rss	qf:s_vmem	qf:h_vmem	qf:min_cpu_interval	qf:medium	hc:gpu_cuda	qc:mem_req	qf:short	qf:epyc	qf:login	qf:intel	qf:gpu	ncore_available	hc:mem_req_unit
epyc.q	at152	BP	0	61	128	0.08	lx-amd64		lx-amd64	128	503.317G	256.000G	759.317G	SCCCCCCCCCCCCCCCCCCCCCCCCCCCCCCCCCCCCCCCCCCCCCCCCCCCCCCCCCCCCCCCCSCCCCCCCCCCCCCCCCCCCCCCCCCCCCCCCCCCCCCCCCCCCCCCCCCCCCCCCCCCCCCCCC	SCCCCCCCCCCCCCCCCCCCCCCCCCCCCCCCCCCCCCCCCCCCCCCCCCCCCCCCCCCCCCCCCSCCCCCCCCCCCCCCCCCCCCCCCCCCCCCCCCCCCCCCCCCCCCCCCCCCCCCCCCCCCCCCCC	2	128	128	0	9.890000	9.610000	9.890000	9.730000	419.436G	256.000G	675.436G	83.881G	0.000	83.881G	9.400000	32.000K	512.000K	16.000M	503.316G	86.204G	417.112G	2	251.346G	251.971G							[SCCCCCCCCCCCCCCCCCCCCCCCCCCCCCCCCCCCCCCCCCCCCCCCCCCCCCCCCCCCCCCCC][SCCCCCCCCCCCCCCCCCCCCCCCCCCCCCCCCCCCCCCCCCCCCCCCCCCCCCCCCCCCCCCCC]	0	0.077266	0.075078	0.077266	0.076016	251.346G	251.971G			0.0					epyc.q	at152	67	10	1	/tmp	NONE	infinity	124:00:00:00	124:00:00:00	infinity	infinity	infinity	infinity	infinity	infinity	infinity	infinity	infinity	infinity	infinity	infinity	infinity	infinity	00:05:00					1				67	
epyc.q	at148	BP	0	37	128	0.20	lx-amd64		lx-amd64	128	503.317G	256.000G	759.317G	SCCCCCCCCCCCCCCCCCCCCCCCCCCCCCCCCCCCCCCCCCCCCCCCCCCCCCCCCCCCCCCCCSCCCCCCCCCCCCCCCCCCCCCCCCCCCCCCCCCCCCCCCCCCCCCCCCCCCCCCCCCCCCCCCC	SCCCCCCCCCCCCCCCCCCCCCCCCCCCCCCCCCCCCCCCCCCCCCCCCCCCCCCCCCCCCCCCCSCCCCCCCCCCCCCCCCCCCCCCCCCCCCCCCCCCCCCCCCCCCCCCCCCCCCCCCCCCCCCCCC	2	128	128	0	25.500000	25.820000	25.500000	25.430000	392.572G	255.995G	648.567G	110.745G	5.508M	110.750G	20.400000	32.000K	512.000K	16.000M	503.316G	114.631G	388.686G	2	251.331G	251.986G							[SCCCCCCCCCCCCCCCCCCCCCCCCCCCCCCCCCCCCCCCCCCCCCCCCCCCCCCCCCCCCCCCC][SCCCCCCCCCCCCCCCCCCCCCCCCCCCCCCCCCCCCCCCCCCCCCCCCCCCCCCCCCCCCCCCC]	0	0.199219	0.201719	0.199219	0.198672	251.331G	251.986G			1.0					epyc.q	at148	91	10	1	/tmp	NONE	infinity	124:00:00:00	124:00:00:00	infinity	infinity	infinity	infinity	infinity	infinity	infinity	infinity	infinity	infinity	infinity	infinity	infinity	infinity	00:05:00					1				91	G
epyc.q	at149	BP	0	47	128	0.17	lx-amd64		lx-amd64	128	503.317G	256.000G	759.317G	SCCCCCCCCCCCCCCCCCCCCCCCCCCCCCCCCCCCCCCCCCCCCCCCCCCCCCCCCCCCCCCCCSCCCCCCCCCCCCCCCCCCCCCCCCCCCCCCCCCCCCCCCCCCCCCCCCCCCCCCCCCCCCCCCC	SCCCCCCCCCCCCCCCCCCCCCCCCCCCCCCCCCCCCCCCCCCCCCCCCCCCCCCCCCCCCCCCCSCCCCCCCCCCCCCCCCCCCCCCCCCCCCCCCCCCCCCCCCCCCCCCCCCCCCCCCCCCCCCCCC	2	128	128	0	22.150000	21.960000	22.150000	22.130000	308.766G	256.000G	564.766G	194.550G	0.000	194.550G	17.600000	32.000K	512.000K	16.000M	503.316G	197.486G	305.830G	2	251.331G	251.986G							[SCCCCCCCCCCCCCCCCCCCCCCCCCCCCCCCCCCCCCCCCCCCCCCCCCCCCCCCCCCCCCCCC][SCCCCCCCCCCCCCCCCCCCCCCCCCCCCCCCCCCCCCCCCCCCCCCCCCCCCCCCCCCCCCCCC]	0	0.173047	0.171563	0.173047	0.172891	251.331G	251.986G			0.0					epyc.q	at149	81	10	1	/tmp	NONE	infinity	124:00:00:00	124:00:00:00	infinity	infinity	infinity	infinity	infinity	infinity	infinity	infinity	infinity	infinity	infinity	infinity	infinity	infinity	00:05:00					1				81	
epyc.q	at150	BP	0	35	128	0.20	lx-amd64		lx-amd64	128	503.317G	256.000G	759.317G	SCCCCCCCCCCCCCCCCCCCCCCCCCCCCCCCCCCCCCCCCCCCCCCCCCCCCCCCCCCCCCCCCSCCCCCCCCCCCCCCCCCCCCCCCCCCCCCCCCCCCCCCCCCCCCCCCCCCCCCCCCCCCCCCCC	SCCCCCCCCCCCCCCCCCCCCCCCCCCCCCCCCCCCCCCCCCCCCCCCCCCCCCCCCCCCCCCCCSCCCCCCCCCCCCCCCCCCCCCCCCCCCCCCCCCCCCCCCCCCCCCCCCCCCCCCCCCCCCCCCC	2	128	128	0	25.200000	26.320000	25.200000	24.410000	289.519G	254.108G	543.627G	213.798G	1.892G	215.690G	20.600000	32.000K	512.000K	16.000M	503.316G	217.824G	285.492G	2	251.331G	251.986G							[SCCCCCCCCCCCCCCCCCCCCCCCCCCCCCCCCCCCCCCCCCCCCCCCCCCCCCCCCCCCCCCCC][SCCCCCCCCCCCCCCCCCCCCCCCCCCCCCCCCCCCCCCCCCCCCCCCCCCCCCCCCCCCCCCCC]	0	0.196875	0.205625	0.196875	0.190703	251.331G	251.986G			6.0					epyc.q	at150	93	10	1	/tmp	NONE	infinity	124:00:00:00	124:00:00:00	infinity	infinity	infinity	infinity	infinity	infinity	infinity	infinity	infinity	infinity	infinity	infinity	infinity	infinity	00:05:00					1				93	G
epyc.q	at151	BP	0	38	128	0.20	lx-amd64		lx-amd64	128	503.317G	256.000G	759.317G	SCCCCCCCCCCCCCCCCCCCCCCCCCCCCCCCCCCCCCCCCCCCCCCCCCCCCCCCCCCCCCCCCSCCCCCCCCCCCCCCCCCCCCCCCCCCCCCCCCCCCCCCCCCCCCCCCCCCCCCCCCCCCCCCCC	SCCCCCCCCCCCCCCCCCCCCCCCCCCCCCCCCCCCCCCCCCCCCCCCCCCCCCCCCCCCCCCCCSCCCCCCCCCCCCCCCCCCCCCCCCCCCCCCCCCCCCCCCCCCCCCCCCCCCCCCCCCCCCCCCC	2	128	128	0	25.530000	25.450000	25.530000	25.520000	400.643G	255.866G	656.509G	102.673G	137.523M	102.808G	20.400000	32.000K	512.000K	16.000M	503.316G	103.840G	399.477G	2	251.331G	251.986G							[SCCCCCCCCCCCCCCCCCCCCCCCCCCCCCCCCCCCCCCCCCCCCCCCCCCCCCCCCCCCCCCCC][SCCCCCCCCCCCCCCCCCCCCCCCCCCCCCCCCCCCCCCCCCCCCCCCCCCCCCCCCCCCCCCCC]	0	0.199453	0.198828	0.199453	0.199375	251.331G	251.986G			0.0					epyc.q	at151	90	10	1	/tmp	NONE	infinity	124:00:00:00	124:00:00:00	infinity	infinity	infinity	infinity	infinity	infinity	infinity	infinity	infinity	infinity	infinity	infinity	infinity	infinity	00:05:00					1				90	
epyc.q	at153	BP	0	70	128	0.16	lx-amd64		lx-amd64	128	503.317G	256.000G	759.317G	SCCCCCCCCCCCCCCCCCCCCCCCCCCCCCCCCCCCCCCCCCCCCCCCCCCCCCCCCCCCCCCCCSCCCCCCCCCCCCCCCCCCCCCCCCCCCCCCCCCCCCCCCCCCCCCCCCCCCCCCCCCCCCCCCC	SCCCCCCCCCCCCCCCCCCCCCCCCCCCCCCCCCCCCCCCCCCCCCCCCCCCCCCCCCCCCCCCCSCCCCCCCCCCCCCCCCCCCCCCCCCCCCCCCCCCCCCCCCCCCCCCCCCCCCCCCCCCCCCCCC	2	128	128	0	21.070000	20.810000	21.070000	21.110000	325.250G	255.996G	581.246G	178.067G	4.258M	178.071G	16.700000	32.000K	512.000K	16.000M	503.316G	180.641G	322.676G	2	251.331G	251.986G							[SCCCCCCCCCCCCCCCCCCCCCCCCCCCCCCCCCCCCCCCCCCCCCCCCCCCCCCCCCCCCCCCC][SCCCCCCCCCCCCCCCCCCCCCCCCCCCCCCCCCCCCCCCCCCCCCCCCCCCCCCCCCCCCCCCC]	0	0.164609	0.162578	0.164609	0.164922	251.331G	251.986G			0.0					epyc.q	at153	58	10	1	/tmp	NONE	infinity	124:00:00:00	124:00:00:00	infinity	infinity	infinity	infinity	infinity	infinity	infinity	infinity	infinity	infinity	infinity	infinity	infinity	infinity	00:05:00					1				58	
epyc.q	at154	BP	0	22	128	0.08	lx-amd64		lx-amd64	128	503.317G	256.000G	759.317G	SCCCCCCCCCCCCCCCCCCCCCCCCCCCCCCCCCCCCCCCCCCCCCCCCCCCCCCCCCCCCCCCCSCCCCCCCCCCCCCCCCCCCCCCCCCCCCCCCCCCCCCCCCCCCCCCCCCCCCCCCCCCCCCCCC	SCCCCCCCCCCCCCCCCCCCCCCCCCCCCCCCCCCCCCCCCCCCCCCCCCCCCCCCCCCCCCCCCSCCCCCCCCCCCCCCCCCCCCCCCCCCCCCCCCCCCCCCCCCCCCCCCCCCCCCCCCCCCCCCCC	2	128	128	0	10.470000	10.590000	10.470000	10.500000	328.591G	254.633G	583.224G	174.726G	1.367G	176.093G	8.700000	32.000K	512.000K	16.000M	503.316G	178.852G	324.465G	2	251.331G	251.986G							[SCCCCCCCCCCCCCCCCCCCCCCCCCCCCCCCCCCCCCCCCCCCCCCCCCCCCCCCCCCCCCCCC][SCCCCCCCCCCCCCCCCCCCCCCCCCCCCCCCCCCCCCCCCCCCCCCCCCCCCCCCCCCCCCCCC]	0	0.081797	0.082734	0.081797	0.082031	251.331G	251.986G			1.0					epyc.q	at154	106	10	1	/tmp	NONE	infinity	124:00:00:00	124:00:00:00	infinity	infinity	infinity	infinity	infinity	infinity	infinity	infinity	infinity	infinity	infinity	infinity	infinity	infinity	00:05:00					1				106	G
epyc.q	at155	BP	0	37	128	0.20	lx-amd64		lx-amd64	128	503.317G	256.000G	759.317G	SCCCCCCCCCCCCCCCCCCCCCCCCCCCCCCCCCCCCCCCCCCCCCCCCCCCCCCCCCCCCCCCCSCCCCCCCCCCCCCCCCCCCCCCCCCCCCCCCCCCCCCCCCCCCCCCCCCCCCCCCCCCCCCCCC	SCCCCCCCCCCCCCCCCCCCCCCCCCCCCCCCCCCCCCCCCCCCCCCCCCCCCCCCCCCCCCCCCSCCCCCCCCCCCCCCCCCCCCCCCCCCCCCCCCCCCCCCCCCCCCCCCCCCCCCCCCCCCCCCCC	2	128	128	0	25.300000	25.240000	25.300000	25.370000	394.879G	255.999G	650.878G	108.438G	1.000M	108.439G	20.100000	32.000K	512.000K	16.000M	503.316G	110.524G	392.792G	2	251.346G	251.971G							[SCCCCCCCCCCCCCCCCCCCCCCCCCCCCCCCCCCCCCCCCCCCCCCCCCCCCCCCCCCCCCCCC][SCCCCCCCCCCCCCCCCCCCCCCCCCCCCCCCCCCCCCCCCCCCCCCCCCCCCCCCCCCCCCCCC]	0	0.197656	0.197187	0.197656	0.198203	251.346G	251.971G			1.0					epyc.q	at155	91	10	1	/tmp	NONE	infinity	124:00:00:00	124:00:00:00	infinity	infinity	infinity	infinity	infinity	infinity	infinity	infinity	infinity	infinity	infinity	infinity	infinity	infinity	00:05:00					1				91	G
epyc.q	at156	BP	0	74	128	0.14	lx-amd64		lx-amd64	128	503.317G	256.000G	759.317G	SCCCCCCCCCCCCCCCCCCCCCCCCCCCCCCCCCCCCCCCCCCCCCCCCCCCCCCCCCCCCCCCCSCCCCCCCCCCCCCCCCCCCCCCCCCCCCCCCCCCCCCCCCCCCCCCCCCCCCCCCCCCCCCCCC	SCCCCCCCCCCCCCCCCCCCCCCCCCCCCCCCCCCCCCCCCCCCCCCCCCCCCCCCCCCCCCCCCSCCCCCCCCCCCCCCCCCCCCCCCCCCCCCCCCCCCCCCCCCCCCCCCCCCCCCCCCCCCCCCCC	2	128	128	0	17.600000	17.260000	17.600000	17.740000	345.992G	255.820G	601.812G	157.325G	184.500M	157.505G	14.400000	32.000K	512.000K	16.000M	503.316G	157.984G	345.332G	2	251.331G	251.986G							[SCCCCCCCCCCCCCCCCCCCCCCCCCCCCCCCCCCCCCCCCCCCCCCCCCCCCCCCCCCCCCCCC][SCCCCCCCCCCCCCCCCCCCCCCCCCCCCCCCCCCCCCCCCCCCCCCCCCCCCCCCCCCCCCCCC]	0	0.137500	0.134844	0.137500	0.138594	251.331G	251.986G			0.0					epyc.q	at156	54	10	1	/tmp	NONE	infinity	124:00:00:00	124:00:00:00	infinity	infinity	infinity	infinity	infinity	infinity	infinity	infinity	infinity	infinity	infinity	infinity	infinity	infinity	00:05:00					1				54	
epyc.q	at157	BP	0	22	128	0.09	lx-amd64		lx-amd64	128	503.317G	256.000G	759.317G	SCCCCCCCCCCCCCCCCCCCCCCCCCCCCCCCCCCCCCCCCCCCCCCCCCCCCCCCCCCCCCCCCSCCCCCCCCCCCCCCCCCCCCCCCCCCCCCCCCCCCCCCCCCCCCCCCCCCCCCCCCCCCCCCCC	SCCCCCCCCCCCCCCCCCCCCCCCCCCCCCCCCCCCCCCCCCCCCCCCCCCCCCCCCCCCCCCCCSCCCCCCCCCCCCCCCCCCCCCCCCCCCCCCCCCCCCCCCCCCCCCCCCCCCCCCCCCCCCCCCC	2	128	128	0	10.910000	10.800000	10.910000	11.140000	357.773G	254.706G	612.478G	145.544G	1.294G	146.838G	8.700000	32.000K	512.000K	16.000M	503.316G	150.232G	353.084G	2	251.331G	251.986G							[SCCCCCCCCCCCCCCCCCCCCCCCCCCCCCCCCCCCCCCCCCCCCCCCCCCCCCCCCCCCCCCCC][SCCCCCCCCCCCCCCCCCCCCCCCCCCCCCCCCCCCCCCCCCCCCCCCCCCCCCCCCCCCCCCCC]	0	0.085234	0.084375	0.085234	0.087031	251.331G	251.986G			1.0					epyc.q	at157	106	10	1	/tmp	NONE	infinity	124:00:00:00	124:00:00:00	infinity	infinity	infinity	infinity	infinity	infinity	infinity	infinity	infinity	infinity	infinity	infinity	infinity	infinity	00:05:00					1				106	G
epyc.q	at158	BP	0	32	128	0.15	lx-amd64		lx-amd64	128	503.317G	256.000G	759.317G	SCCCCCCCCCCCCCCCCCCCCCCCCCCCCCCCCCCCCCCCCCCCCCCCCCCCCCCCCCCCCCCCCSCCCCCCCCCCCCCCCCCCCCCCCCCCCCCCCCCCCCCCCCCCCCCCCCCCCCCCCCCCCCCCCC	SCCCCCCCCCCCCCCCCCCCCCCCCCCCCCCCCCCCCCCCCCCCCCCCCCCCCCCCCCCCCCCCCSCCCCCCCCCCCCCCCCCCCCCCCCCCCCCCCCCCCCCCCCCCCCCCCCCCCCCCCCCCCCCCCC	2	128	128	0	19.110000	19.340000	19.110000	19.190000	284.343G	255.999G	540.342G	218.973G	1.508M	218.975G	15.700000	32.000K	512.000K	16.000M	503.316G	221.663G	281.653G	2	251.346G	251.971G							[SCCCCCCCCCCCCCCCCCCCCCCCCCCCCCCCCCCCCCCCCCCCCCCCCCCCCCCCCCCCCCCCC][SCCCCCCCCCCCCCCCCCCCCCCCCCCCCCCCCCCCCCCCCCCCCCCCCCCCCCCCCCCCCCCCC]	0	0.149297	0.151094	0.149297	0.149922	251.346G	251.971G			50.0					epyc.q	at158	96	10	1	/tmp	NONE	infinity	124:00:00:00	124:00:00:00	infinity	infinity	infinity	infinity	infinity	infinity	infinity	infinity	infinity	infinity	infinity	infinity	infinity	infinity	00:05:00					1				96	G
epyc.q	at159	BP	0	70	128	0.17	lx-amd64		lx-amd64	128	503.317G	256.000G	759.317G	SCCCCCCCCCCCCCCCCCCCCCCCCCCCCCCCCCCCCCCCCCCCCCCCCCCCCCCCCCCCCCCCCSCCCCCCCCCCCCCCCCCCCCCCCCCCCCCCCCCCCCCCCCCCCCCCCCCCCCCCCCCCCCCCCC	SCCCCCCCCCCCCCCCCCCCCCCCCCCCCCCCCCCCCCCCCCCCCCCCCCCCCCCCCCCCCCCCCSCCCCCCCCCCCCCCCCCCCCCCCCCCCCCCCCCCCCCCCCCCCCCCCCCCCCCCCCCCCCCCCC	2	128	128	0	21.260000	21.380000	21.260000	21.130000	307.132G	255.300G	562.432G	196.185G	716.500M	196.885G	17.100000	32.000K	512.000K	16.000M	503.316G	200.095G	303.222G	2	251.331G	251.986G							[SCCCCCCCCCCCCCCCCCCCCCCCCCCCCCCCCCCCCCCCCCCCCCCCCCCCCCCCCCCCCCCCC][SCCCCCCCCCCCCCCCCCCCCCCCCCCCCCCCCCCCCCCCCCCCCCCCCCCCCCCCCCCCCCCCC]	0	0.166094	0.167031	0.166094	0.165078	251.331G	251.986G			0.0					epyc.q	at159	58	10	1	/tmp	NONE	infinity	124:00:00:00	124:00:00:00	infinity	infinity	infinity	infinity	infinity	infinity	infinity	infinity	infinity	infinity	infinity	infinity	infinity	infinity	00:05:00					1				58	
epyc.q	at160	BP	0	38	128	0.21	lx-amd64		lx-amd64	128	503.317G	256.000G	759.317G	SCCCCCCCCCCCCCCCCCCCCCCCCCCCCCCCCCCCCCCCCCCCCCCCCCCCCCCCCCCCCCCCCSCCCCCCCCCCCCCCCCCCCCCCCCCCCCCCCCCCCCCCCCCCCCCCCCCCCCCCCCCCCCCCCC	SCCCCCCCCCCCCCCCCCCCCCCCCCCCCCCCCCCCCCCCCCCCCCCCCCCCCCCCCCCCCCCCCSCCCCCCCCCCCCCCCCCCCCCCCCCCCCCCCCCCCCCCCCCCCCCCCCCCCCCCCCCCCCCCCC	2	128	128	0	26.990000	27.220000	26.990000	26.900000	328.839G	255.338G	584.177G	174.478G	677.949M	175.140G	19.000000	32.000K	512.000K	16.000M	503.316G	176.595G	326.722G	2	251.331G	251.986G							[SCCCCCCCCCCCCCCCCCCCCCCCCCCCCCCCCCCCCCCCCCCCCCCCCCCCCCCCCCCCCCCCC][SCCCCCCCCCCCCCCCCCCCCCCCCCCCCCCCCCCCCCCCCCCCCCCCCCCCCCCCCCCCCCCCC]	0	0.210859	0.212656	0.210859	0.210156	251.331G	251.986G			24.0					epyc.q	at160	90	10	1	/tmp	NONE	infinity	124:00:00:00	124:00:00:00	infinity	infinity	infinity	infinity	infinity	infinity	infinity	infinity	infinity	infinity	infinity	infinity	infinity	infinity	00:05:00					1				90	G
epyc.q	at161	BP	0	29	128	0.15	lx-amd64		lx-amd64	128	503.317G	256.000G	759.317G	SCCCCCCCCCCCCCCCCCCCCCCCCCCCCCCCCCCCCCCCCCCCCCCCCCCCCCCCCCCCCCCCCSCCCCCCCCCCCCCCCCCCCCCCCCCCCCCCCCCCCCCCCCCCCCCCCCCCCCCCCCCCCCCCCC	SCCCCCCCCCCCCCCCCCCCCCCCCCCCCCCCCCCCCCCCCCCCCCCCCCCCCCCCCCCCCCCCCSCCCCCCCCCCCCCCCCCCCCCCCCCCCCCCCCCCCCCCCCCCCCCCCCCCCCCCCCCCCCCCCC	2	128	128	0	19.710000	20.050000	19.710000	19.750000	304.074G	255.965G	560.039G	199.243G	35.750M	199.278G	16.300000	32.000K	512.000K	16.000M	503.316G	202.431G	300.886G	2	251.346G	251.971G							[SCCCCCCCCCCCCCCCCCCCCCCCCCCCCCCCCCCCCCCCCCCCCCCCCCCCCCCCCCCCCCCCC][SCCCCCCCCCCCCCCCCCCCCCCCCCCCCCCCCCCCCCCCCCCCCCCCCCCCCCCCCCCCCCCCC]	0	0.153984	0.156641	0.153984	0.154297	251.346G	251.971G			0.0					epyc.q	at161	99	10	1	/tmp	NONE	infinity	124:00:00:00	124:00:00:00	infinity	infinity	infinity	infinity	infinity	infinity	infinity	infinity	infinity	infinity	infinity	infinity	infinity	infinity	00:05:00					1				99	
epyc.q	at162	BP	0	42	128	0.21	lx-amd64		lx-amd64	128	503.317G	256.000G	759.317G	SCCCCCCCCCCCCCCCCCCCCCCCCCCCCCCCCCCCCCCCCCCCCCCCCCCCCCCCCCCCCCCCCSCCCCCCCCCCCCCCCCCCCCCCCCCCCCCCCCCCCCCCCCCCCCCCCCCCCCCCCCCCCCCCCC	SCCCCCCCCCCCCCCCCCCCCCCCCCCCCCCCCCCCCCCCCCCCCCCCCCCCCCCCCCCCCCCCCSCCCCCCCCCCCCCCCCCCCCCCCCCCCCCCCCCCCCCCCCCCCCCCCCCCCCCCCCCCCCCCCC	2	128	128	0	27.410000	27.580000	27.410000	27.390000	358.230G	254.454G	612.683G	145.087G	1.546G	146.633G	15.700000	32.000K	512.000K	16.000M	503.316G	149.357G	353.959G	2	251.331G	251.986G							[SCCCCCCCCCCCCCCCCCCCCCCCCCCCCCCCCCCCCCCCCCCCCCCCCCCCCCCCCCCCCCCCC][SCCCCCCCCCCCCCCCCCCCCCCCCCCCCCCCCCCCCCCCCCCCCCCCCCCCCCCCCCCCCCCCC]	0	0.214141	0.215469	0.214141	0.213984	251.331G	251.986G			2.0					epyc.q	at162	86	10	1	/tmp	NONE	infinity	124:00:00:00	124:00:00:00	infinity	infinity	infinity	infinity	infinity	infinity	infinity	infinity	infinity	infinity	infinity	infinity	infinity	infinity	00:05:00					1				86	G
epyc.q	at163	BP	0	37	128	0.20	lx-amd64		lx-amd64	128	503.317G	256.000G	759.317G	SCCCCCCCCCCCCCCCCCCCCCCCCCCCCCCCCCCCCCCCCCCCCCCCCCCCCCCCCCCCCCCCCSCCCCCCCCCCCCCCCCCCCCCCCCCCCCCCCCCCCCCCCCCCCCCCCCCCCCCCCCCCCCCCCC	SCCCCCCCCCCCCCCCCCCCCCCCCCCCCCCCCCCCCCCCCCCCCCCCCCCCCCCCCCCCCCCCCSCCCCCCCCCCCCCCCCCCCCCCCCCCCCCCCCCCCCCCCCCCCCCCCCCCCCCCCCCCCCCCCC	2	128	128	0	25.140000	24.800000	25.140000	25.200000	323.153G	251.810G	574.963G	180.164G	4.190G	184.354G	16.700000	32.000K	512.000K	16.000M	503.316G	181.643G	321.674G	2	251.331G	251.986G							[SCCCCCCCCCCCCCCCCCCCCCCCCCCCCCCCCCCCCCCCCCCCCCCCCCCCCCCCCCCCCCCCC][SCCCCCCCCCCCCCCCCCCCCCCCCCCCCCCCCCCCCCCCCCCCCCCCCCCCCCCCCCCCCCCCC]	0	0.196406	0.193750	0.196406	0.196875	251.331G	251.986G			1.0					epyc.q	at163	91	10	1	/tmp	NONE	infinity	124:00:00:00	124:00:00:00	infinity	infinity	infinity	infinity	infinity	infinity	infinity	infinity	infinity	infinity	infinity	infinity	infinity	infinity	00:05:00					1				91	G
epyc.q	at147	BP	0	58	128	0.08	lx-amd64		lx-amd64	128	503.317G	256.000G	759.317G	SCCCCCCCCCCCCCCCCCCCCCCCCCCCCCCCCCCCCCCCCCCCCCCCCCCCCCCCCCCCCCCCCSCCCCCCCCCCCCCCCCCCCCCCCCCCCCCCCCCCCCCCCCCCCCCCCCCCCCCCCCCCCCCCCC	SCCCCCCCCCCCCCCCCCCCCCCCCCCCCCCCCCCCCCCCCCCCCCCCCCCCCCCCCCCCCCCCCSCCCCCCCCCCCCCCCCCCCCCCCCCCCCCCCCCCCCCCCCCCCCCCCCCCCCCCCCCCCCCCCC	2	128	128	0	10.200000	10.800000	10.200000	10.050000	452.948G	256.000G	708.948G	50.369G	0.000	50.369G	9.600000	32.000K	512.000K	16.000M	503.316G	51.556G	451.761G	2	251.346G	251.971G							[SCCCCCCCCCCCCCCCCCCCCCCCCCCCCCCCCCCCCCCCCCCCCCCCCCCCCCCCCCCCCCCCC][SCCCCCCCCCCCCCCCCCCCCCCCCCCCCCCCCCCCCCCCCCCCCCCCCCCCCCCCCCCCCCCCC]	0	0.079687	0.084375	0.079687	0.078516	251.346G	251.971G			0.0					epyc.q	at147	70	10	1	/tmp	NONE	infinity	124:00:00:00	124:00:00:00	infinity	infinity	infinity	infinity	infinity	infinity	infinity	infinity	infinity	infinity	infinity	infinity	infinity	infinity	00:05:00					1				70	
epyc.q	at145	BP	0	59	128	0.17	lx-amd64		lx-amd64	128	503.317G	256.000G	759.317G	SCCCCCCCCCCCCCCCCCCCCCCCCCCCCCCCCCCCCCCCCCCCCCCCCCCCCCCCCCCCCCCCCSCCCCCCCCCCCCCCCCCCCCCCCCCCCCCCCCCCCCCCCCCCCCCCCCCCCCCCCCCCCCCCCC	SCCCCCCCCCCCCCCCCCCCCCCCCCCCCCCCCCCCCCCCCCCCCCCCCCCCCCCCCCCCCCCCCSCCCCCCCCCCCCCCCCCCCCCCCCCCCCCCCCCCCCCCCCCCCCCCCCCCCCCCCCCCCCCCCC	2	128	128	0	21.570000	21.610000	21.570000	21.480000	277.037G	256.000G	533.036G	226.280G	519.999K	226.281G	17.700000	32.000K	512.000K	16.000M	503.316G	228.732G	274.584G	2	251.331G	251.986G							[SCCCCCCCCCCCCCCCCCCCCCCCCCCCCCCCCCCCCCCCCCCCCCCCCCCCCCCCCCCCCCCCC][SCCCCCCCCCCCCCCCCCCCCCCCCCCCCCCCCCCCCCCCCCCCCCCCCCCCCCCCCCCCCCCCC]	0	0.168516	0.168828	0.168516	0.167813	251.331G	251.986G			0.0					epyc.q	at145	69	10	1	/tmp	NONE	infinity	124:00:00:00	124:00:00:00	infinity	infinity	infinity	infinity	infinity	infinity	infinity	infinity	infinity	infinity	infinity	infinity	infinity	infinity	00:05:00					1				69	
epyc.q	at146	BP	0	29	128	0.16	lx-amd64		lx-amd64	128	503.317G	256.000G	759.317G	SCCCCCCCCCCCCCCCCCCCCCCCCCCCCCCCCCCCCCCCCCCCCCCCCCCCCCCCCCCCCCCCCSCCCCCCCCCCCCCCCCCCCCCCCCCCCCCCCCCCCCCCCCCCCCCCCCCCCCCCCCCCCCCCCC	SCCCCCCCCCCCCCCCCCCCCCCCCCCCCCCCCCCCCCCCCCCCCCCCCCCCCCCCCCCCCCCCCSCCCCCCCCCCCCCCCCCCCCCCCCCCCCCCCCCCCCCCCCCCCCCCCCCCCCCCCCCCCCCCCC	2	128	128	0	20.000000	20.260000	20.000000	19.930000	269.881G	255.554G	525.435G	233.436G	456.500M	233.881G	16.300000	32.000K	512.000K	16.000M	503.316G	231.823G	271.493G	2	251.346G	251.971G							[SCCCCCCCCCCCCCCCCCCCCCCCCCCCCCCCCCCCCCCCCCCCCCCCCCCCCCCCCCCCCCCCC][SCCCCCCCCCCCCCCCCCCCCCCCCCCCCCCCCCCCCCCCCCCCCCCCCCCCCCCCCCCCCCCCC]	0	0.156250	0.158281	0.156250	0.155703	251.346G	251.971G			0.0					epyc.q	at146	99	10	1	/tmp	NONE	infinity	124:00:00:00	124:00:00:00	infinity	infinity	infinity	infinity	infinity	infinity	infinity	infinity	infinity	infinity	infinity	infinity	infinity	infinity	00:05:00					1				99	
epyc.q	at143	BP	0	36	128	0.18	lx-amd64		lx-amd64	128	503.317G	256.000G	759.317G	SCCCCCCCCCCCCCCCCCCCCCCCCCCCCCCCCCCCCCCCCCCCCCCCCCCCCCCCCCCCCCCCCSCCCCCCCCCCCCCCCCCCCCCCCCCCCCCCCCCCCCCCCCCCCCCCCCCCCCCCCCCCCCCCCC	SCCCCCCCCCCCCCCCCCCCCCCCCCCCCCCCCCCCCCCCCCCCCCCCCCCCCCCCCCCCCCCCCSCCCCCCCCCCCCCCCCCCCCCCCCCCCCCCCCCCCCCCCCCCCCCCCCCCCCCCCCCCCCCCCC	2	128	128	0	22.890000	23.030000	22.890000	22.650000	273.335G	255.998G	529.333G	229.982G	2.508M	229.984G	19.100000	32.000K	512.000K	16.000M	503.316G	232.757G	270.560G	2	251.346G	251.971G							[SCCCCCCCCCCCCCCCCCCCCCCCCCCCCCCCCCCCCCCCCCCCCCCCCCCCCCCCCCCCCCCCC][SCCCCCCCCCCCCCCCCCCCCCCCCCCCCCCCCCCCCCCCCCCCCCCCCCCCCCCCCCCCCCCCC]	0	0.178828	0.179922	0.178828	0.176953	251.346G	251.971G			0.0					epyc.q	at143	92	10	1	/tmp	NONE	infinity	124:00:00:00	124:00:00:00	infinity	infinity	infinity	infinity	infinity	infinity	infinity	infinity	infinity	infinity	infinity	infinity	infinity	infinity	00:05:00					1				92	
epyc.q	at142	BP	0	51	128	0.15	lx-amd64		lx-amd64	128	503.317G	256.000G	759.317G	SCCCCCCCCCCCCCCCCCCCCCCCCCCCCCCCCCCCCCCCCCCCCCCCCCCCCCCCCCCCCCCCCSCCCCCCCCCCCCCCCCCCCCCCCCCCCCCCCCCCCCCCCCCCCCCCCCCCCCCCCCCCCCCCCC	SCCCCCCCCCCCCCCCCCCCCCCCCCCCCCCCCCCCCCCCCCCCCCCCCCCCCCCCCCCCCCCCCSCCCCCCCCCCCCCCCCCCCCCCCCCCCCCCCCCCCCCCCCCCCCCCCCCCCCCCCCCCCCCCCC	2	128	128	0	19.700000	19.730000	19.700000	19.770000	327.730G	254.798G	582.528G	175.587G	1.202G	176.789G	16.000000	32.000K	512.000K	16.000M	503.316G	178.438G	324.879G	2	251.331G	251.986G							[SCCCCCCCCCCCCCCCCCCCCCCCCCCCCCCCCCCCCCCCCCCCCCCCCCCCCCCCCCCCCCCCC][SCCCCCCCCCCCCCCCCCCCCCCCCCCCCCCCCCCCCCCCCCCCCCCCCCCCCCCCCCCCCCCCC]	0	0.153906	0.154141	0.153906	0.154453	251.331G	251.986G			24.0					epyc.q	at142	77	10	1	/tmp	NONE	infinity	124:00:00:00	124:00:00:00	infinity	infinity	infinity	infinity	infinity	infinity	infinity	infinity	infinity	infinity	infinity	infinity	infinity	infinity	00:05:00					1				77	G
epyc.q	at141	BP	0	24	128	0.18	lx-amd64		lx-amd64	128	503.317G	256.000G	759.317G	SCCCCCCCCCCCCCCCCCCCCCCCCCCCCCCCCCCCCCCCCCCCCCCCCCCCCCCCCCCCCCCCCSCCCCCCCCCCCCCCCCCCCCCCCCCCCCCCCCCCCCCCCCCCCCCCCCCCCCCCCCCCCCCCCC	SCCCCCCCCCCCCCCCCCCCCCCCCCCCCCCCCCCCCCCCCCCCCCCCCCCCCCCCCCCCCCCCCSCCCCCCCCCCCCCCCCCCCCCCCCCCCCCCCCCCCCCCCCCCCCCCCCCCCCCCCCCCCCCCCC	2	128	128	0	23.100000	22.930000	23.100000	23.120000	307.456G	255.994G	563.450G	195.861G	6.258M	195.867G	18.400000	32.000K	512.000K	16.000M	503.316G	198.021G	305.296G	2	251.331G	251.986G							[SCCCCCCCCCCCCCCCCCCCCCCCCCCCCCCCCCCCCCCCCCCCCCCCCCCCCCCCCCCCCCCCC][SCCCCCCCCCCCCCCCCCCCCCCCCCCCCCCCCCCCCCCCCCCCCCCCCCCCCCCCCCCCCCCCC]	0	0.180469	0.179141	0.180469	0.180625	251.331G	251.986G			0.0					epyc.q	at141	104	10	1	/tmp	NONE	infinity	124:00:00:00	124:00:00:00	infinity	infinity	infinity	infinity	infinity	infinity	infinity	infinity	infinity	infinity	infinity	infinity	infinity	infinity	00:05:00					1				104	
epyc.q	at144	BP	0	23	128	0.08	lx-amd64		lx-amd64	128	503.317G	256.000G	759.317G	SCCCCCCCCCCCCCCCCCCCCCCCCCCCCCCCCCCCCCCCCCCCCCCCCCCCCCCCCCCCCCCCCSCCCCCCCCCCCCCCCCCCCCCCCCCCCCCCCCCCCCCCCCCCCCCCCCCCCCCCCCCCCCCCCC	SCCCCCCCCCCCCCCCCCCCCCCCCCCCCCCCCCCCCCCCCCCCCCCCCCCCCCCCCCCCCCCCCSCCCCCCCCCCCCCCCCCCCCCCCCCCCCCCCCCCCCCCCCCCCCCCCCCCCCCCCCCCCCCCCC	2	128	128	0	10.340000	10.360000	10.340000	10.360000	362.968G	255.962G	618.930G	140.349G	38.758M	140.386G	8.400000	32.000K	512.000K	16.000M	503.316G	143.476G	359.841G	2	251.331G	251.986G							[SCCCCCCCCCCCCCCCCCCCCCCCCCCCCCCCCCCCCCCCCCCCCCCCCCCCCCCCCCCCCCCCC][SCCCCCCCCCCCCCCCCCCCCCCCCCCCCCCCCCCCCCCCCCCCCCCCCCCCCCCCCCCCCCCCC]	0	0.080781	0.080937	0.080781	0.080937	251.331G	251.986G			0.0					epyc.q	at144	105	10	1	/tmp	NONE	infinity	124:00:00:00	124:00:00:00	infinity	infinity	infinity	infinity	infinity	infinity	infinity	infinity	infinity	infinity	infinity	infinity	infinity	infinity	00:05:00					1				105	
epyc.q	at140	BP	32	29	128	0.16	lx-amd64		lx-amd64	128	503.317G	256.000G	759.317G	SCCCCCCCCCCCCCCCCCCCCCCCCCCCCCCCCCCCCCCCCCCCCCCCCCCCCCCCCCCCCCCCCSCCCCCCCCCCCCCCCCCCCCCCCCCCCCCCCCCCCCCCCCCCCCCCCCCCCCCCCCCCCCCCCC	SCCCCCCCCCCCCCCCCCCCCCCCCCCCCCCCCCCCCCCCCCCCCCCCCCCCCCCCCCCCCCCCCSCCCCCCCCCCCCCCCCCCCCCCCCCCCCCCCCCCCCCCCCCCCCCCCCCCCCCCCCCCCCCCCC	2	128	128	0	20.890000	20.930000	20.890000	20.740000	212.758G	253.953G	466.711G	290.559G	2.047G	292.605G	13.300000	32.000K	512.000K	16.000M	503.316G	293.569G	209.747G	2	251.331G	251.986G							[SCCCCCCCCCCCCCCCCCCCCCCCCCCCCCCCCCCCCCCCCCCCCCCCCCCCCCCCCCCCCCCCC][SCCCCCCCCCCCCCCCCCCCCCCCCCCCCCCCCCCCCCCCCCCCCCCCCCCCCCCCCCCCCCCCC]	0	0.163203	0.163516	0.163203	0.162031	251.331G	251.986G			128.0					epyc.q	at140	99	200	1	/tmp	NONE	infinity	124:00:00:00	124:00:00:00	infinity	infinity	infinity	infinity	infinity	infinity	infinity	infinity	infinity	infinity	infinity	infinity	infinity	infinity	00:05:00					1				67	G
epyc.q	at164	BP	0	37	128	0.50	lx-amd64		lx-amd64	128	503.317G	256.000G	759.317G	SCCCCCCCCCCCCCCCCCCCCCCCCCCCCCCCCCCCCCCCCCCCCCCCCCCCCCCCCCCCCCCCCSCCCCCCCCCCCCCCCCCCCCCCCCCCCCCCCCCCCCCCCCCCCCCCCCCCCCCCCCCCCCCCCC	SCCCCCCCCCCCCCCCCCCCCCCCCCCCCCCCCCCCCCCCCCCCCCCCCCCCCCCCCCCCCCCCCSCCCCCCCCCCCCCCCCCCCCCCCCCCCCCCCCCCCCCCCCCCCCCCCCCCCCCCCCCCCCCCCC	2	128	128	0	64.420000	64.500000	64.420000	64.210000	122.806G	227.245G	350.051G	380.511G	28.755G	409.266G	52.500000	32.000K	512.000K	16.000M	503.316G	383.609G	119.707G	2	251.346G	251.971G							[SCCCCCCCCCCCCCCCCCCCCCCCCCCCCCCCCCCCCCCCCCCCCCCCCCCCCCCCCCCCCCCCC][SCCCCCCCCCCCCCCCCCCCCCCCCCCCCCCCCCCCCCCCCCCCCCCCCCCCCCCCCCCCCCCCC]	0	0.503281	0.503906	0.503281	0.501641	251.346G	251.971G			1.0					epyc.q	at164	91	200	1	/tmp	NONE	infinity	124:00:00:00	124:00:00:00	infinity	infinity	infinity	infinity	infinity	infinity	infinity	infinity	infinity	infinity	infinity	infinity	infinity	infinity	00:05:00					1				91	G
gpu.q	igt005	BP	0	1	8	0.08	lx-amd64		lx-amd64	24	377.405G	192.000G	569.405G	SCCCCCCCCCCCCSCCCCCCCCCCCC	SCCCCCCCCCCCCSCCCCCCCCCCCC	2	24	24	4	1.880000	2.080000	1.880000	1.970000	348.505G	190.276G	538.781G	28.900G	1.724G	30.623G	6.900000	32.000K	1.000M	24.750M	377.404G	29.821G	347.583G	4	93.924G	94.499G	94.484G	94.498G					[SCCCCCCCCCCCCSCCCCCCCCCCCC]	0	0.078333	0.086667	0.078333	0.082083	93.924G	94.499G	94.484G	94.498G						gpu.q	igt005	7	30	1	/tmp	NONE	infinity	124:00:00:00	124:00:00:00	infinity	infinity	infinity	infinity	infinity	infinity	infinity	infinity	infinity	infinity	infinity	infinity	infinity	infinity	00:05:00		0	128.000G					1	7	
gpu.q	igt002	BP	0	1	8	0.07	lx-amd64		lx-amd64	24	377.405G	192.000G	569.405G	SCCCCCCCCCCCCSCCCCCCCCCCCC	SCCCCCCCCCCCCSCCCCCCCCCCCC	2	24	24	4	1.640000	1.500000	1.640000	1.790000	347.732G	190.507G	538.238G	29.673G	1.493G	31.166G	6.900000	32.000K	1.000M	24.750M	377.404G	31.932G	345.473G	4	93.924G	94.499G	94.484G	94.498G					[SCCCCCCCCCCCCSCCCCCCCCCCCC]	0	0.068333	0.062500	0.068333	0.074583	93.924G	94.499G	94.484G	94.498G						gpu.q	igt002	7	30	1	/tmp	NONE	infinity	124:00:00:00	124:00:00:00	infinity	infinity	infinity	infinity	infinity	infinity	infinity	infinity	infinity	infinity	infinity	infinity	infinity	infinity	00:05:00		3	64.000G					1	7	
gpu.q	igt003	BP	0	3	8	0.15	lx-amd64		lx-amd64	24	377.397G	192.000G	569.397G	SCCCCCCCCCCCCSCCCCCCCCCCCC	SCCCCCCCCCCCCSCCCCCCCCCCCC	2	24	24	4	3.510000	3.590000	3.510000	3.410000	321.363G	190.816G	512.179G	56.034G	1.184G	57.219G	10.500000	32.000K	1.000M	24.750M	377.396G	68.958G	308.438G	2	188.415G	188.982G							[SCCCCCCCCCCCC][SCCCCCCCCCCCC]	0	0.146250	0.149583	0.146250	0.142083	188.415G	188.982G								gpu.q	igt003	5	30	1	/tmp	NONE	infinity	124:00:00:00	124:00:00:00	infinity	infinity	infinity	infinity	infinity	infinity	infinity	infinity	infinity	infinity	infinity	infinity	infinity	infinity	00:05:00		0	32.000G					1	5	
gpu.q	igt004	BP	0	1	8	0.07	lx-amd64		lx-amd64	24	377.397G	192.000G	569.397G	SCCCCCCCCCCCCSCCCCCCCCCCCC	SCCCCCCCCCCCCSCCCCCCCCCCCC	2	24	24	4	1.660000	1.570000	1.660000	1.660000	333.420G	190.969G	524.390G	43.977G	1.031G	45.008G	5.300000	32.000K	1.000M	24.750M	377.396G	48.407G	328.989G	2	188.415G	188.982G							[SCCCCCCCCCCCC][SCCCCCCCCCCCC]	0	0.069167	0.065417	0.069167	0.069167	188.415G	188.982G								gpu.q	igt004	7	30	1	/tmp	NONE	infinity	124:00:00:00	124:00:00:00	infinity	infinity	infinity	infinity	infinity	infinity	infinity	infinity	infinity	infinity	infinity	infinity	infinity	infinity	00:05:00		1	64.000G					1	7	
gpu.q	igt006	BP	0	1	8	0.08	lx-amd64		lx-amd64	24	377.397G	192.000G	569.397G	SCCCCCCCCCCCCSCCCCCCCCCCCC	SCCCCCCCCCCCCSCCCCCCCCCCCC	2	24	24	4	1.920000	1.820000	1.920000	2.070000	332.710G	191.316G	524.025G	44.688G	700.750M	45.372G	6.200000	32.000K	1.000M	24.750M	377.396G	49.229G	328.167G	2	188.400G	188.997G							[SCCCCCCCCCCCC][SCCCCCCCCCCCC]	0	0.080000	0.075833	0.080000	0.086250	188.400G	188.997G								gpu.q	igt006	7	30	1	/tmp	NONE	infinity	124:00:00:00	124:00:00:00	infinity	infinity	infinity	infinity	infinity	infinity	infinity	infinity	infinity	infinity	infinity	infinity	infinity	infinity	00:05:00		0	128.000G					1	7	
gpu.q	igt007	BP	0	3	8	0.12	lx-amd64		lx-amd64	24	377.405G	192.000G	569.405G	SCCCCCCCCCCCCSCCCCCCCCCCCC	SCCCCCCCCCCCCSCCCCCCCCCCCC	2	24	24	4	2.900000	2.560000	2.900000	3.060000	341.134G	190.475G	531.609G	36.271G	1.525G	37.796G	9.400000	32.000K	1.000M	24.750M	377.404G	37.690G	339.714G	4	93.924G	94.499G	94.499G	94.483G					[SCCCCCCCCCCCCSCCCCCCCCCCCC]	0	0.120833	0.106667	0.120833	0.127500	93.924G	94.499G	94.499G	94.483G						gpu.q	igt007	5	30	1	/tmp	NONE	infinity	124:00:00:00	124:00:00:00	infinity	infinity	infinity	infinity	infinity	infinity	infinity	infinity	infinity	infinity	infinity	infinity	infinity	infinity	00:05:00		0	32.000G					1	5	
gpu.q	igt008	BP	0	1	8	0.09	lx-amd64		lx-amd64	24	377.405G	192.000G	569.405G	SCCCCCCCCCCCCSCCCCCCCCCCCC	SCCCCCCCCCCCCSCCCCCCCCCCCC	2	24	24	4	2.110000	1.600000	2.110000	2.130000	347.475G	191.409G	538.883G	29.930G	605.250M	30.521G	7.000000	32.000K	1.000M	24.750M	377.404G	32.323G	345.081G	4	93.924G	94.484G	94.499G	94.498G					[SCCCCCCCCCCCCSCCCCCCCCCCCC]	0	0.087917	0.066667	0.087917	0.088750	93.924G	94.484G	94.499G	94.498G						gpu.q	igt008	7	30	1	/tmp	NONE	infinity	124:00:00:00	124:00:00:00	infinity	infinity	infinity	infinity	infinity	infinity	infinity	infinity	infinity	infinity	infinity	infinity	infinity	infinity	00:05:00		0	128.000G					1	7	
intel.q	it029	BP	0	29	32	0.12	lx-amd64		lx-amd64	32	377.397G	192.000G	569.397G	SCCCCCCCCCCCCCCCCSCCCCCCCCCCCCCCCC	SCCCCCCCCCCCCCCCCSCCCCCCCCCCCCCCCC	2	32	32	0	3.720000	4.000000	3.720000	3.040000	336.955G	190.649G	527.604G	40.442G	1.351G	41.792G	13.300000	32.000K	1.000M	22.000M	377.396G	41.877G	335.520G	2	188.415G	188.982G							[SCCCCCCCCCCCCCCCC][SCCCCCCCCCCCCCCCC]	0	0.116250	0.125000	0.116250	0.095000	188.415G	188.982G			2.0					intel.q	it029	3	20	1	/tmp	NONE	infinity	124:00:00:00	124:00:00:00	infinity	infinity	infinity	infinity	infinity	infinity	infinity	infinity	infinity	infinity	infinity	infinity	infinity	infinity	00:05:00							1		3	G
intel.q	it024	BP	0	30	32	0.14	lx-amd64		lx-amd64	32	377.397G	192.000G	569.397G	SCCCCCCCCCCCCCCCCSCCCCCCCCCCCCCCCC	SCCCCCCCCCCCCCCCCSCCCCCCCCCCCCCCCC	2	32	32	0	4.580000	5.890000	4.580000	3.490000	326.986G	188.076G	515.063G	50.411G	3.924G	54.334G	18.700000	32.000K	1.000M	22.000M	377.396G	52.070G	325.326G	2	188.400G	188.997G							[SCCCCCCCCCCCCCCCC][SCCCCCCCCCCCCCCCC]	0	0.143125	0.184062	0.143125	0.109063	188.400G	188.997G			1.0					intel.q	it024	2	20	1	/tmp	NONE	infinity	124:00:00:00	124:00:00:00	infinity	infinity	infinity	infinity	infinity	infinity	infinity	infinity	infinity	infinity	infinity	infinity	infinity	infinity	00:05:00							1		2	G
intel.q	it025	BP	0	24	32	0.77	lx-amd64		lx-amd64	32	377.397G	192.000G	569.397G	SCCCCCCCCCCCCCCCCSCCCCCCCCCCCCCCCC	SCCCCCCCCCCCCCCCCSCCCCCCCCCCCCCCCC	2	32	32	0	24.700000	24.020000	24.700000	27.000000	345.474G	187.817G	533.290G	31.923G	4.183G	36.106G	76.300000	32.000K	1.000M	22.000M	377.396G	33.179G	344.218G	2	188.400G	188.997G							[SCCCCCCCCCCCCCCCC][SCCCCCCCCCCCCCCCC]	0	0.771875	0.750625	0.771875	0.843750	188.400G	188.997G			0.0					intel.q	it025	8	20	1	/tmp	NONE	infinity	124:00:00:00	124:00:00:00	infinity	infinity	infinity	infinity	infinity	infinity	infinity	infinity	infinity	infinity	infinity	infinity	infinity	infinity	00:05:00							1		8	
intel.q	it030	BP	0	29	32	0.55	lx-amd64		lx-amd64	32	377.404G	192.000G	569.404G	SCCCCCCCCCCCCCCCCSCCCCCCCCCCCCCCCC	SCCCCCCCCCCCCCCCCSCCCCCCCCCCCCCCCC	2	32	32	0	17.750000	17.680000	17.750000	17.610000	310.877G	190.201G	501.078G	66.527G	1.799G	68.326G	62.900000	32.000K	1.000M	22.000M	377.403G	68.034G	309.369G	4	93.924G	94.499G	94.483G	94.498G					[SCCCCCCCCCCCCCCCCSCCCCCCCCCCCCCCCC]	0	0.554688	0.552500	0.554688	0.550312	93.924G	94.499G	94.483G	94.498G	0.0					intel.q	it030	3	20	1	/tmp	NONE	infinity	124:00:00:00	124:00:00:00	infinity	infinity	infinity	infinity	infinity	infinity	infinity	infinity	infinity	infinity	infinity	infinity	infinity	infinity	00:05:00							1		3	
intel.q	it026	BP	0	2	32	0.06	lx-amd64		lx-amd64	32	377.397G	192.000G	569.397G	SCCCCCCCCCCCCCCCCSCCCCCCCCCCCCCCCC	SCCCCCCCCCCCCCCCCSCCCCCCCCCCCCCCCC	2	32	32	0	2.020000	2.000000	2.020000	2.050000	355.879G	190.562G	546.440G	21.518G	1.438G	22.957G	6.500000	32.000K	1.000M	22.000M	377.396G	24.686G	352.711G	2	188.415G	188.982G							[SCCCCCCCCCCCCCCCC][SCCCCCCCCCCCCCCCC]	0	0.063125	0.062500	0.063125	0.064062	188.415G	188.982G			0.0					intel.q	it026	30	20	1	/tmp	NONE	infinity	124:00:00:00	124:00:00:00	infinity	infinity	infinity	infinity	infinity	infinity	infinity	infinity	infinity	infinity	infinity	infinity	infinity	infinity	00:05:00							1		30	
intel.q	it027	BP	0	30	32	2.18	lx-amd64	a	lx-amd64	32	377.397G	192.000G	569.397G	SCCCCCCCCCCCCCCCCSCCCCCCCCCCCCCCCC	SCCCCCCCCCCCCCCCCSCCCCCCCCCCCCCCCC	2	32	32	0	69.720000	67.880000	69.720000	70.400000	353.471G	190.476G	543.946G	23.926G	1.524G	25.451G	100.000000	32.000K	1.000M	22.000M	377.396G	25.673G	351.724G	2	188.400G	188.997G							[SCCCCCCCCCCCCCCCC][SCCCCCCCCCCCCCCCC]	0	2.178750	2.121250	2.178750	2.200000	188.400G	188.997G			64.0					intel.q	it027	2	20	1	/tmp	NONE	infinity	124:00:00:00	124:00:00:00	infinity	infinity	infinity	infinity	infinity	infinity	infinity	infinity	infinity	infinity	infinity	infinity	infinity	infinity	00:05:00							1		2	G
intel.q	it028	BP	0	32	32	0.26	lx-amd64		lx-amd64	32	377.404G	192.000G	569.404G	SCCCCCCCCCCCCCCCCSCCCCCCCCCCCCCCCC	SCCCCCCCCCCCCCCCCSCCCCCCCCCCCCCCCC	2	32	32	0	8.240000	8.010000	8.240000	8.490000	279.121G	189.069G	468.190G	98.284G	2.931G	101.214G	25.100000	32.000K	1.000M	22.000M	377.403G	99.337G	278.066G	4	93.924G	94.499G	94.499G	94.483G					[SCCCCCCCCCCCCCCCCSCCCCCCCCCCCCCCCC]	0	0.257500	0.250312	0.257500	0.265313	93.924G	94.499G	94.499G	94.483G	21.0					intel.q	it028	0	20	1	/tmp	NONE	infinity	124:00:00:00	124:00:00:00	infinity	infinity	infinity	infinity	infinity	infinity	infinity	infinity	infinity	infinity	infinity	infinity	infinity	infinity	00:05:00							1		0	G
intel.q	it031	BP	0	17	32	1.50	lx-amd64	a	lx-amd64	32	377.404G	192.000G	569.404G	SCCCCCCCCCCCCCCCCSCCCCCCCCCCCCCCCC	SCCCCCCCCCCCCCCCCSCCCCCCCCCCCCCCCC	2	32	32	0	48.120000	48.180000	48.120000	48.160000	356.725G	191.258G	547.983G	20.679G	760.000M	21.421G	100.000000	32.000K	1.000M	22.000M	377.403G	22.824G	354.579G	4	93.924G	94.483G	94.499G	94.498G					[SCCCCCCCCCCCCCCCCSCCCCCCCCCCCCCCCC]	0	1.503750	1.505625	1.503750	1.505000	93.924G	94.483G	94.499G	94.498G	68.0					intel.q	it031	15	20	1	/tmp	NONE	infinity	124:00:00:00	124:00:00:00	infinity	infinity	infinity	infinity	infinity	infinity	infinity	infinity	infinity	infinity	infinity	infinity	infinity	infinity	00:05:00							1		15	G
intel.q	it009	BP	0	31	32	0.83	lx-amd64		lx-amd64	32	377.404G	192.000G	569.404G	SCCCCCCCCCCCCCCCCSCCCCCCCCCCCCCCCC	SCCCCCCCCCCCCCCCCSCCCCCCCCCCCCCCCC	2	32	32	0	26.620000	31.740000	26.620000	22.350000	331.630G	191.150G	522.780G	45.774G	870.750M	46.625G	84.000000	32.000K	1.000M	22.000M	377.403G	47.301G	330.103G	4	93.909G	94.499G	94.499G	94.498G					[SCCCCCCCCCCCCCCCCSCCCCCCCCCCCCCCCC]	0	0.831875	0.991875	0.831875	0.698438	93.909G	94.499G	94.499G	94.498G	4.0					intel.q	it009	1	20	1	/tmp	NONE	infinity	124:00:00:00	124:00:00:00	infinity	infinity	infinity	infinity	infinity	infinity	infinity	infinity	infinity	infinity	infinity	infinity	infinity	infinity	00:05:00							1		1	G
intel.q	it033	BP	0	11	32	0.17	lx-amd64		lx-amd64	32	377.397G	192.000G	569.397G	SCCCCCCCCCCCCCCCCSCCCCCCCCCCCCCCCC	SCCCCCCCCCCCCCCCCSCCCCCCCCCCCCCCCC	2	32	32	0	5.600000	6.960000	5.600000	4.550000	241.851G	189.118G	430.969G	135.546G	2.882G	138.428G	23.400000	32.000K	1.000M	22.000M	377.396G	136.789G	240.607G	2	188.415G	188.982G							[SCCCCCCCCCCCCCCCC][SCCCCCCCCCCCCCCCC]	0	0.175000	0.217500	0.175000	0.142187	188.415G	188.982G			4.0					intel.q	it033	21	20	1	/tmp	NONE	infinity	124:00:00:00	124:00:00:00	infinity	infinity	infinity	infinity	infinity	infinity	infinity	infinity	infinity	infinity	infinity	infinity	infinity	infinity	00:05:00							1		21	G
intel.q	it035	BP	0	27	32	0.52	lx-amd64		lx-amd64	32	377.404G	192.000G	569.404G	SCCCCCCCCCCCCCCCCSCCCCCCCCCCCCCCCC	SCCCCCCCCCCCCCCCCSCCCCCCCCCCCCCCCC	2	32	32	0	16.750000	17.080000	16.750000	16.480000	295.728G	190.529G	486.257G	81.677G	1.471G	83.147G	59.300000	32.000K	1.000M	22.000M	377.403G	82.731G	294.672G	4	93.924G	94.499G	94.499G	94.483G					[SCCCCCCCCCCCCCCCCSCCCCCCCCCCCCCCCC]	0	0.523438	0.533750	0.523438	0.515000	93.924G	94.499G	94.499G	94.483G	2.0					intel.q	it035	5	20	1	/tmp	NONE	infinity	124:00:00:00	124:00:00:00	infinity	infinity	infinity	infinity	infinity	infinity	infinity	infinity	infinity	infinity	infinity	infinity	infinity	infinity	00:05:00							1		5	G
intel.q	it036	BP	0	2	32	0.06	lx-amd64		lx-amd64	32	377.397G	192.000G	569.397G	SCCCCCCCCCCCCCCCCSCCCCCCCCCCCCCCCC	SCCCCCCCCCCCCCCCCSCCCCCCCCCCCCCCCC	2	32	32	0	2.010000	2.000000	2.010000	2.050000	357.050G	187.597G	544.647G	20.347G	4.403G	24.750G	6.300000	32.000K	1.000M	22.000M	377.396G	21.647G	355.749G	2	188.415G	188.982G							[SCCCCCCCCCCCCCCCC][SCCCCCCCCCCCCCCCC]	0	0.062812	0.062500	0.062812	0.064062	188.415G	188.982G			0.0					intel.q	it036	30	20	1	/tmp	NONE	infinity	124:00:00:00	124:00:00:00	infinity	infinity	infinity	infinity	infinity	infinity	infinity	infinity	infinity	infinity	infinity	infinity	infinity	infinity	00:05:00							1		30	
intel.q	it020	BP	0	16	32	0.12	lx-amd64		lx-amd64	32	377.404G	192.000G	569.404G	SCCCCCCCCCCCCCCCCSCCCCCCCCCCCCCCCC	SCCCCCCCCCCCCCCCCSCCCCCCCCCCCCCCCC	2	32	32	0	3.690000	3.900000	3.690000	3.990000	335.344G	191.410G	526.753G	42.061G	604.500M	42.651G	11.500000	32.000K	1.000M	22.000M	377.403G	43.725G	333.679G	4	93.924G	94.499G	94.483G	94.498G					[SCCCCCCCCCCCCCCCCSCCCCCCCCCCCCCCCC]	0	0.115312	0.121875	0.115312	0.124688	93.924G	94.499G	94.483G	94.498G	2.0					intel.q	it020	16	20	1	/tmp	NONE	infinity	124:00:00:00	124:00:00:00	infinity	infinity	infinity	infinity	infinity	infinity	infinity	infinity	infinity	infinity	infinity	infinity	infinity	infinity	00:05:00							1		16	G
intel.q	it037	BP	0	31	32	0.20	lx-amd64		lx-amd64	32	377.397G	192.000G	569.397G	SCCCCCCCCCCCCCCCCSCCCCCCCCCCCCCCCC	SCCCCCCCCCCCCCCCCSCCCCCCCCCCCCCCCC	2	32	32	0	6.390000	6.250000	6.390000	5.800000	344.093G	189.353G	533.446G	33.304G	2.647G	35.951G	19.800000	32.000K	1.000M	22.000M	377.396G	35.255G	342.142G	2	188.400G	188.997G							[SCCCCCCCCCCCCCCCC][SCCCCCCCCCCCCCCCC]	0	0.199687	0.195312	0.199687	0.181250	188.400G	188.997G			83.0					intel.q	it037	1	20	1	/tmp	NONE	infinity	124:00:00:00	124:00:00:00	infinity	infinity	infinity	infinity	infinity	infinity	infinity	infinity	infinity	infinity	infinity	infinity	infinity	infinity	00:05:00							1		1	G
intel.q	it038	BP	0	22	32	0.56	lx-amd64		lx-amd64	32	377.397G	192.000G	569.397G	SCCCCCCCCCCCCCCCCSCCCCCCCCCCCCCCCC	SCCCCCCCCCCCCCCCCSCCCCCCCCCCCCCCCC	2	32	32	0	18.000000	18.220000	18.000000	17.600000	354.343G	187.728G	542.071G	23.054G	4.272G	27.326G	53.200000	32.000K	1.000M	22.000M	377.396G	23.076G	354.320G	2	188.415G	188.982G							[SCCCCCCCCCCCCCCCC][SCCCCCCCCCCCCCCCC]	0	0.562500	0.569375	0.562500	0.550000	188.415G	188.982G			3.0					intel.q	it038	10	20	1	/tmp	NONE	infinity	124:00:00:00	124:00:00:00	infinity	infinity	infinity	infinity	infinity	infinity	infinity	infinity	infinity	infinity	infinity	infinity	infinity	infinity	00:05:00							1		10	G
intel.q	it004	BP	32	0	32	0.00	lx-amd64		lx-amd64	32	377.397G	192.000G	569.397G	SCCCCCCCCCCCCCCCCSCCCCCCCCCCCCCCCC	SCCCCCCCCCCCCCCCCSCCCCCCCCCCCCCCCC	2	32	32	0	0.020000	0.000000	0.020000	0.050000	356.419G	191.266G	547.684G	20.978G	751.820M	21.712G	0.000000	32.000K	1.000M	22.000M	377.396G	25.516G	351.881G	2	188.400G	188.997G							[SCCCCCCCCCCCCCCCC][SCCCCCCCCCCCCCCCC]	0	0.000625	0.000000	0.000625	0.001563	188.400G	188.997G			384.0					intel.q	it004	32	210	1	/tmp	NONE	infinity	124:00:00:00	124:00:00:00	infinity	infinity	infinity	infinity	infinity	infinity	infinity	infinity	infinity	infinity	infinity	infinity	infinity	infinity	00:05:00							1		0	G
intel.q	it005	BP	32	0	32	0.00	lx-amd64		lx-amd64	32	377.404G	192.000G	569.404G	SCCCCCCCCCCCCCCCCSCCCCCCCCCCCCCCCC	SCCCCCCCCCCCCCCCCSCCCCCCCCCCCCCCCC	2	32	32	0	0.050000	0.010000	0.050000	0.050000	357.267G	191.196G	548.462G	20.137G	823.750M	20.942G	0.300000	32.000K	1.000M	22.000M	377.403G	22.125G	355.278G	4	93.924G	94.499G	94.483G	94.498G					[SCCCCCCCCCCCCCCCCSCCCCCCCCCCCCCCCC]	0	0.001563	0.000313	0.001563	0.001563	93.924G	94.499G	94.483G	94.498G	384.0					intel.q	it005	32	210	1	/tmp	NONE	infinity	124:00:00:00	124:00:00:00	infinity	infinity	infinity	infinity	infinity	infinity	infinity	infinity	infinity	infinity	infinity	infinity	infinity	infinity	00:05:00							1		0	G
intel.q	it032	BP	0	31	32	0.44	lx-amd64		lx-amd64	32	377.397G	192.000G	569.397G	SCCCCCCCCCCCCCCCCSCCCCCCCCCCCCCCCC	SCCCCCCCCCCCCCCCCSCCCCCCCCCCCCCCCC	2	32	32	0	14.200000	14.930000	14.200000	11.420000	333.275G	190.774G	524.049G	44.122G	1.226G	45.348G	49.100000	32.000K	1.000M	22.000M	377.396G	45.672G	331.725G	2	188.415G	188.982G							[SCCCCCCCCCCCCCCCC][SCCCCCCCCCCCCCCCC]	0	0.443750	0.466562	0.443750	0.356875	188.415G	188.982G			19.0					intel.q	it032	1	20	1	/tmp	NONE	infinity	124:00:00:00	124:00:00:00	infinity	infinity	infinity	infinity	infinity	infinity	infinity	infinity	infinity	infinity	infinity	infinity	infinity	infinity	00:05:00							1		1	G
intel.q	it019	BP	0	26	32	0.84	lx-amd64		lx-amd64	32	377.404G	192.000G	569.404G	SCCCCCCCCCCCCCCCCSCCCCCCCCCCCCCCCC	SCCCCCCCCCCCCCCCCSCCCCCCCCCCCCCCCC	2	32	32	0	26.970000	26.090000	26.970000	26.910000	334.069G	190.581G	524.650G	43.335G	1.419G	44.754G	80.200000	32.000K	1.000M	22.000M	377.403G	44.422G	332.981G	4	93.909G	94.499G	94.499G	94.498G					[SCCCCCCCCCCCCCCCCSCCCCCCCCCCCCCCCC]	0	0.842812	0.815312	0.842812	0.840938	93.909G	94.499G	94.499G	94.498G	0.0					intel.q	it019	6	20	1	/tmp	NONE	infinity	124:00:00:00	124:00:00:00	infinity	infinity	infinity	infinity	infinity	infinity	infinity	infinity	infinity	infinity	infinity	infinity	infinity	infinity	00:05:00							1		6	
intel.q	it007	BP	32	0	32	0.00	lx-amd64		lx-amd64	32	377.397G	192.000G	569.397G	SCCCCCCCCCCCCCCCCSCCCCCCCCCCCCCCCC	SCCCCCCCCCCCCCCCCSCCCCCCCCCCCCCCCC	2	32	32	0	0.010000	0.000000	0.010000	0.050000	356.973G	189.650G	546.623G	20.424G	2.350G	22.774G	0.200000	32.000K	1.000M	22.000M	377.396G	23.769G	353.628G	2	188.400G	188.997G							[SCCCCCCCCCCCCCCCC][SCCCCCCCCCCCCCCCC]	0	0.000313	0.000000	0.000313	0.001563	188.400G	188.997G			384.0					intel.q	it007	32	210	1	/tmp	NONE	infinity	124:00:00:00	124:00:00:00	infinity	infinity	infinity	infinity	infinity	infinity	infinity	infinity	infinity	infinity	infinity	infinity	infinity	infinity	00:05:00							1		0	G
intel.q	it017	BP	0	32	32	0.82	lx-amd64		lx-amd64	32	377.404G	192.000G	569.404G	SCCCCCCCCCCCCCCCCSCCCCCCCCCCCCCCCC	SCCCCCCCCCCCCCCCCSCCCCCCCCCCCCCCCC	2	32	32	0	26.330000	28.460000	26.330000	23.350000	329.719G	191.772G	521.491G	47.685G	233.750M	47.913G	79.500000	32.000K	1.000M	22.000M	377.403G	49.632G	327.771G	4	93.924G	94.483G	94.499G	94.498G					[SCCCCCCCCCCCCCCCCSCCCCCCCCCCCCCCCC]	0	0.822812	0.889375	0.822812	0.729688	93.924G	94.483G	94.499G	94.498G	7.0					intel.q	it017	0	20	1	/tmp	NONE	infinity	124:00:00:00	124:00:00:00	infinity	infinity	infinity	infinity	infinity	infinity	infinity	infinity	infinity	infinity	infinity	infinity	infinity	infinity	00:05:00							1		0	G
intel.q	it016	BP	0	13	32	0.63	lx-amd64		lx-amd64	32	377.404G	192.000G	569.404G	SCCCCCCCCCCCCCCCCSCCCCCCCCCCCCCCCC	SCCCCCCCCCCCCCCCCSCCCCCCCCCCCCCCCC	2	32	32	0	20.050000	20.620000	20.050000	19.560000	300.343G	188.893G	489.237G	77.061G	3.107G	80.168G	66.400000	32.000K	1.000M	22.000M	377.403G	78.161G	299.242G	4	93.909G	94.499G	94.499G	94.498G					[SCCCCCCCCCCCCCCCCSCCCCCCCCCCCCCCCC]	0	0.626563	0.644375	0.626563	0.611250	93.909G	94.499G	94.499G	94.498G	2.0					intel.q	it016	19	20	1	/tmp	NONE	infinity	124:00:00:00	124:00:00:00	infinity	infinity	infinity	infinity	infinity	infinity	infinity	infinity	infinity	infinity	infinity	infinity	infinity	infinity	00:05:00							1		19	G
intel.q	it015	BP	0	26	32	0.99	lx-amd64		lx-amd64	32	377.404G	192.000G	569.404G	SCCCCCCCCCCCCCCCCSCCCCCCCCCCCCCCCC	SCCCCCCCCCCCCCCCCSCCCCCCCCCCCCCCCC	2	32	32	0	31.840000	29.690000	31.840000	35.770000	292.533G	189.623G	482.156G	84.871G	2.377G	87.249G	88.800000	32.000K	1.000M	22.000M	377.403G	85.873G	291.530G	4	93.924G	94.499G	94.483G	94.498G					[SCCCCCCCCCCCCCCCCSCCCCCCCCCCCCCCCC]	0	0.995000	0.927813	0.995000	1.117813	93.924G	94.499G	94.483G	94.498G	0.0					intel.q	it015	6	20	1	/tmp	NONE	infinity	124:00:00:00	124:00:00:00	infinity	infinity	infinity	infinity	infinity	infinity	infinity	infinity	infinity	infinity	infinity	infinity	infinity	infinity	00:05:00							1		6	
intel.q	it014	BP	0	24	32	0.53	lx-amd64		lx-amd64	32	377.404G	192.000G	569.404G	SCCCCCCCCCCCCCCCCSCCCCCCCCCCCCCCCC	SCCCCCCCCCCCCCCCCSCCCCCCCCCCCCCCCC	2	32	32	0	16.940000	16.160000	16.940000	17.420000	352.938G	189.163G	542.101G	24.466G	2.837G	27.303G	53.100000	32.000K	1.000M	22.000M	377.403G	25.008G	352.396G	4	93.924G	94.499G	94.483G	94.498G					[SCCCCCCCCCCCCCCCCSCCCCCCCCCCCCCCCC]	0	0.529375	0.505000	0.529375	0.544375	93.924G	94.499G	94.483G	94.498G	0.0					intel.q	it014	8	20	1	/tmp	NONE	infinity	124:00:00:00	124:00:00:00	infinity	infinity	infinity	infinity	infinity	infinity	infinity	infinity	infinity	infinity	infinity	infinity	infinity	infinity	00:05:00							1		8	
intel.q	it013	BP	0	32	32	0.24	lx-amd64		lx-amd64	32	377.404G	192.000G	569.404G	SCCCCCCCCCCCCCCCCSCCCCCCCCCCCCCCCC	SCCCCCCCCCCCCCCCCSCCCCCCCCCCCCCCCC	2	32	32	0	7.710000	7.700000	7.710000	6.410000	343.376G	191.754G	535.130G	34.028G	252.250M	34.275G	27.700000	32.000K	1.000M	22.000M	377.403G	36.340G	341.063G	4	93.924G	94.483G	94.499G	94.498G					[SCCCCCCCCCCCCCCCCSCCCCCCCCCCCCCCCC]	0	0.240937	0.240625	0.240937	0.200313	93.924G	94.483G	94.499G	94.498G	26.0					intel.q	it013	0	20	1	/tmp	NONE	infinity	124:00:00:00	124:00:00:00	infinity	infinity	infinity	infinity	infinity	infinity	infinity	infinity	infinity	infinity	infinity	infinity	infinity	infinity	00:05:00							1		0	G
intel.q	it012	BP	0	24	32	0.15	lx-amd64		lx-amd64	32	377.404G	192.000G	569.404G	SCCCCCCCCCCCCCCCCSCCCCCCCCCCCCCCCC	SCCCCCCCCCCCCCCCCSCCCCCCCCCCCCCCCC	2	32	32	0	4.760000	4.800000	4.760000	4.710000	339.042G	189.438G	528.480G	38.362G	2.562G	40.924G	15.600000	32.000K	1.000M	22.000M	377.403G	39.582G	337.821G	4	93.924G	94.499G	94.483G	94.498G					[SCCCCCCCCCCCCCCCCSCCCCCCCCCCCCCCCC]	0	0.148750	0.150000	0.148750	0.147187	93.924G	94.499G	94.483G	94.498G	3.0					intel.q	it012	8	20	1	/tmp	NONE	infinity	124:00:00:00	124:00:00:00	infinity	infinity	infinity	infinity	infinity	infinity	infinity	infinity	infinity	infinity	infinity	infinity	infinity	infinity	00:05:00							1		8	G
intel.q	it011	BP	0	31	32	0.18	lx-amd64		lx-amd64	32	377.397G	192.000G	569.397G	SCCCCCCCCCCCCCCCCSCCCCCCCCCCCCCCCC	SCCCCCCCCCCCCCCCCSCCCCCCCCCCCCCCCC	2	32	32	0	5.720000	6.670000	5.720000	4.330000	343.633G	191.533G	535.167G	33.764G	477.750M	34.230G	26.200000	32.000K	1.000M	22.000M	377.396G	38.510G	338.887G	2	188.400G	188.997G							[SCCCCCCCCCCCCCCCC][SCCCCCCCCCCCCCCCC]	0	0.178750	0.208437	0.178750	0.135313	188.400G	188.997G			58.0					intel.q	it011	1	20	1	/tmp	NONE	infinity	124:00:00:00	124:00:00:00	infinity	infinity	infinity	infinity	infinity	infinity	infinity	infinity	infinity	infinity	infinity	infinity	infinity	infinity	00:05:00							1		1	G
intel.q	it010	BP	0	30	32	0.65	lx-amd64		lx-amd64	32	377.397G	192.000G	569.397G	SCCCCCCCCCCCCCCCCSCCCCCCCCCCCCCCCC	SCCCCCCCCCCCCCCCCSCCCCCCCCCCCCCCCC	2	32	32	0	20.880000	21.540000	20.880000	20.370000	292.925G	191.386G	484.311G	84.472G	628.438M	85.086G	67.300000	32.000K	1.000M	22.000M	377.396G	88.896G	288.500G	2	188.400G	188.997G							[SCCCCCCCCCCCCCCCC][SCCCCCCCCCCCCCCCC]	0	0.652500	0.673125	0.652500	0.636563	188.400G	188.997G			3.0					intel.q	it010	2	20	1	/tmp	NONE	infinity	124:00:00:00	124:00:00:00	infinity	infinity	infinity	infinity	infinity	infinity	infinity	infinity	infinity	infinity	infinity	infinity	infinity	infinity	00:05:00							1		2	G
intel.q	it006	BP	32	0	32	0.00	lx-amd64		lx-amd64	32	377.397G	192.000G	569.397G	SCCCCCCCCCCCCCCCCSCCCCCCCCCCCCCCCC	SCCCCCCCCCCCCCCCCSCCCCCCCCCCCCCCCC	2	32	32	0	0.040000	0.030000	0.040000	0.050000	356.551G	191.792G	548.343G	20.846G	213.500M	21.054G	0.000000	32.000K	1.000M	22.000M	377.396G	25.906G	351.490G	2	188.400G	188.997G							[SCCCCCCCCCCCCCCCC][SCCCCCCCCCCCCCCCC]	0	0.001250	0.000937	0.001250	0.001563	188.400G	188.997G			384.0					intel.q	it006	32	210	1	/tmp	NONE	infinity	124:00:00:00	124:00:00:00	infinity	infinity	infinity	infinity	infinity	infinity	infinity	infinity	infinity	infinity	infinity	infinity	infinity	infinity	00:05:00							1		0	G
intel.q	it008	BP	0	32	32	0.85	lx-amd64		lx-amd64	32	377.404G	192.000G	569.404G	SCCCCCCCCCCCCCCCCSCCCCCCCCCCCCCCCC	SCCCCCCCCCCCCCCCCSCCCCCCCCCCCCCCCC	2	32	32	0	27.100000	28.610000	27.100000	23.320000	327.728G	190.875G	518.603G	49.677G	1.125G	50.801G	83.400000	32.000K	1.000M	22.000M	377.403G	51.361G	326.042G	4	93.924G	94.483G	94.499G	94.498G					[SCCCCCCCCCCCCCCCCSCCCCCCCCCCCCCCCC]	0	0.846875	0.894062	0.846875	0.728750	93.924G	94.483G	94.499G	94.498G	9.0					intel.q	it008	0	20	1	/tmp	NONE	infinity	124:00:00:00	124:00:00:00	infinity	infinity	infinity	infinity	infinity	infinity	infinity	infinity	infinity	infinity	infinity	infinity	infinity	infinity	00:05:00							1		0	G
intel.q	it003	BP	0	29	32	0.22	lx-amd64		lx-amd64	32	377.397G	192.000G	569.397G	SCCCCCCCCCCCCCCCCSCCCCCCCCCCCCCCCC	SCCCCCCCCCCCCCCCCSCCCCCCCCCCCCCCCC	2	32	32	0	7.120000	8.480000	7.120000	5.740000	263.365G	189.013G	452.378G	114.032G	2.987G	117.019G	27.800000	32.000K	1.000M	22.000M	377.396G	116.408G	260.988G	2	188.400G	188.997G							[SCCCCCCCCCCCCCCCC][SCCCCCCCCCCCCCCCC]	0	0.222500	0.265000	0.222500	0.179375	188.400G	188.997G			2.0					intel.q	it003	3	20	1	/tmp	NONE	infinity	124:00:00:00	124:00:00:00	infinity	infinity	infinity	infinity	infinity	infinity	infinity	infinity	infinity	infinity	infinity	infinity	infinity	infinity	00:05:00							1		3	G
intel.q	it018	BP	0	13	32	0.20	lx-amd64		lx-amd64	32	377.404G	192.000G	569.404G	SCCCCCCCCCCCCCCCCSCCCCCCCCCCCCCCCC	SCCCCCCCCCCCCCCCCSCCCCCCCCCCCCCCCC	2	32	32	0	6.550000	8.470000	6.550000	4.800000	256.777G	189.927G	446.704G	120.628G	2.073G	122.701G	31.200000	32.000K	1.000M	22.000M	377.403G	122.199G	255.204G	4	93.924G	94.499G	94.499G	94.483G					[SCCCCCCCCCCCCCCCCSCCCCCCCCCCCCCCCC]	0	0.204687	0.264688	0.204687	0.150000	93.924G	94.499G	94.499G	94.483G	4.0					intel.q	it018	19	20	1	/tmp	NONE	infinity	124:00:00:00	124:00:00:00	infinity	infinity	infinity	infinity	infinity	infinity	infinity	infinity	infinity	infinity	infinity	infinity	infinity	infinity	00:05:00							1		19	G
login.q	at139	I	0	35	128	0.02	lx-amd64		lx-amd64	128	503.317G	256.000G	759.317G	SCCCCCCCCCCCCCCCCCCCCCCCCCCCCCCCCCCCCCCCCCCCCCCCCCCCCCCCCCCCCCCCCSCCCCCCCCCCCCCCCCCCCCCCCCCCCCCCCCCCCCCCCCCCCCCCCCCCCCCCCCCCCCCCCC	SCCCCCCCCCCCCCCCCCCCCCCCCCCCCCCCCCCCCCCCCCCCCCCCCCCCCCCCCCCCCCCCCSCCCCCCCCCCCCCCCCCCCCCCCCCCCCCCCCCCCCCCCCCCCCCCCCCCCCCCCCCCCCCCCC	2	128	128	0	2.900000	2.910000	2.900000	3.040000	424.544G	255.697G	680.241G	78.773G	310.000M	79.076G	3.200000	32.000K	512.000K	16.000M	503.316G	82.190G	421.126G	2	251.331G	251.986G							[SCCCCCCCCCCCCCCCCCCCCCCCCCCCCCCCCCCCCCCCCCCCCCCCCCCCCCCCCCCCCCCCC][SCCCCCCCCCCCCCCCCCCCCCCCCCCCCCCCCCCCCCCCCCCCCCCCCCCCCCCCCCCCCCCCC]	0	0.022656	0.022734	0.022656	0.023750	251.331G	251.986G			70.0					login.q	at139	93	10	1	/tmp	NONE	infinity	infinity	infinity	infinity	infinity	infinity	infinity	infinity	infinity	infinity	infinity	infinity	infinity	infinity	infinity	64.000G	64.000G	00:05:00					1	1			93	G
login.q	at138	I	0	39	128	0.14	lx-amd64		lx-amd64	128	503.317G	256.000G	759.317G	SCCCCCCCCCCCCCCCCCCCCCCCCCCCCCCCCCCCCCCCCCCCCCCCCCCCCCCCCCCCCCCCCSCCCCCCCCCCCCCCCCCCCCCCCCCCCCCCCCCCCCCCCCCCCCCCCCCCCCCCCCCCCCCCCC	SCCCCCCCCCCCCCCCCCCCCCCCCCCCCCCCCCCCCCCCCCCCCCCCCCCCCCCCCCCCCCCCCSCCCCCCCCCCCCCCCCCCCCCCCCCCCCCCCCCCCCCCCCCCCCCCCCCCCCCCCCCCCCCCCC	2	128	128	0	17.630000	7.780000	17.630000	32.390000	386.879G	255.440G	642.319G	116.438G	573.000M	116.998G	7.300000	32.000K	512.000K	16.000M	503.316G	118.402G	384.914G	2	251.346G	251.971G							[SCCCCCCCCCCCCCCCCCCCCCCCCCCCCCCCCCCCCCCCCCCCCCCCCCCCCCCCCCCCCCCCC][SCCCCCCCCCCCCCCCCCCCCCCCCCCCCCCCCCCCCCCCCCCCCCCCCCCCCCCCCCCCCCCCC]	0	0.137734	0.060781	0.137734	0.253047	251.346G	251.971G			22.0					login.q	at138	89	10	1	/tmp	NONE	infinity	infinity	infinity	infinity	infinity	infinity	infinity	infinity	infinity	infinity	infinity	infinity	infinity	infinity	infinity	64.000G	64.000G	00:05:00					1	1			89	G
login.q	at137	I	0	41	128	0.01	lx-amd64		lx-amd64	128	503.317G	256.000G	759.317G	SCCCCCCCCCCCCCCCCCCCCCCCCCCCCCCCCCCCCCCCCCCCCCCCCCCCCCCCCCCCCCCCCSCCCCCCCCCCCCCCCCCCCCCCCCCCCCCCCCCCCCCCCCCCCCCCCCCCCCCCCCCCCCCCCC	SCCCCCCCCCCCCCCCCCCCCCCCCCCCCCCCCCCCCCCCCCCCCCCCCCCCCCCCCCCCCCCCCSCCCCCCCCCCCCCCCCCCCCCCCCCCCCCCCCCCCCCCCCCCCCCCCCCCCCCCCCCCCCCCCC	2	128	128	0	1.540000	1.440000	1.540000	1.540000	417.301G	255.984G	673.285G	86.016G	16.750M	86.032G	1.100000	32.000K	512.000K	16.000M	503.316G	86.450G	416.866G	2	251.346G	251.971G							[SCCCCCCCCCCCCCCCCCCCCCCCCCCCCCCCCCCCCCCCCCCCCCCCCCCCCCCCCCCCCCCCC][SCCCCCCCCCCCCCCCCCCCCCCCCCCCCCCCCCCCCCCCCCCCCCCCCCCCCCCCCCCCCCCCC]	0	0.012031	0.011250	0.012031	0.012031	251.346G	251.971G			194.0					login.q	at137	87	10	1	/tmp	NONE	infinity	infinity	infinity	infinity	infinity	infinity	infinity	infinity	infinity	infinity	infinity	infinity	infinity	infinity	infinity	64.000G	64.000G	00:05:00					1	1			87	G
login_gpu.q	igt001	I	0	1	24	0.05	lx-amd64		lx-amd64	24	377.397G	192.000G	569.397G	SCCCCCCCCCCCCSCCCCCCCCCCCC	SCCCCCCCCCCCCSCCCCCCCCCCCC	2	24	24	4	1.300000	2.190000	1.300000	1.180000	337.186G	185.430G	522.617G	40.211G	6.570G	46.781G	2.700000	32.000K	1.000M	24.750M	377.396G	41.712G	335.685G	2	188.415G	188.982G							[SCCCCCCCCCCCC][SCCCCCCCCCCCC]	0	0.054167	0.091250	0.054167	0.049167	188.415G	188.982G			320.0					login_gpu.q	igt001	23	20	1	/tmp	NONE	infinity	infinity	infinity	infinity	infinity	infinity	infinity	infinity	infinity	infinity	infinity	infinity	infinity	infinity	infinity	infinity	infinity	00:05:00		2				1		1	23	G
medium.q	m08	BP	0	78	80	1.22	lx-amd64	a	lx-amd64	80	2.952T	256.000G	3.202T	SCCCCCCCCCCCCCCCCCCCCSCCCCCCCCCCCCCCCCCCCCSCCCCCCCCCCCCCCCCCCCCSCCCCCCCCCCCCCCCCCCCC	SCCCCCCCCCCCCCCCCCCCCSCCCCCCCCCCCCCCCCCCCCSCCCCCCCCCCCCCCCCCCCCSCCCCCCCCCCCCCCCCCCCC	4	80	80	0	97.870000	93.270000	97.870000	101.430000	2.707T	254.732G	2.956T	251.411G	1.268G	252.680G	100.000000	32.000K	1.000M	27.500M	2.952T	253.572G	2.705T	4	755.231G	755.996G	755.996G	755.996G					[SCCCCCCCCCCCCCCCCCCCC][SCCCCCCCCCCCCCCCCCCCC][SCCCCCCCCCCCCCCCCCCCC][SCCCCCCCCCCCCCCCCCCCC]	0	1.223375	1.165875	1.223375	1.267875	755.231G	755.996G	755.996G	755.996G	294.0					medium.q	m08	2	0	1	/tmp	NONE	infinity	124:00:00:00	124:00:00:00	infinity	infinity	infinity	infinity	infinity	infinity	infinity	infinity	infinity	infinity	infinity	infinity	infinity	infinity	00:05:00	1								2	G
medium.q	m05	BP	0	15	80	1.91	lx-amd64	a	lx-amd64	80	2.952T	256.000G	3.202T	SCCCCCCCCCCCCCCCCCCCCSCCCCCCCCCCCCCCCCCCCCSCCCCCCCCCCCCCCCCCCCCSCCCCCCCCCCCCCCCCCCCC	SCCCCCCCCCCCCCCCCCCCCSCCCCCCCCCCCCCCCCCCCCSCCCCCCCCCCCCCCCCCCCCSCCCCCCCCCCCCCCCCCCCC	4	80	80	0	152.870000	153.680000	152.870000	153.780000	2.730T	254.612G	2.978T	228.181G	1.388G	229.569G	98.900000	32.000K	1.000M	27.500M	2.952T	229.258G	2.728T	8	377.256G	377.983G	377.998G	377.998G	377.998G	377.998G	377.998G	377.998G	[SCCCCCCCCCCCCCCCCCCCCSCCCCCCCCCCCCCCCCCCCCSCCCCCCCCCCCCCCCCCCCCSCCCCCCCCCCCCCCCCCCCC]	0	1.910875	1.921000	1.910875	1.922250	377.256G	377.983G	377.998G	377.998G	2.123	377.998G	377.998G	377.998G	377.998G	medium.q	m05	65	0	1	/tmp	NONE	infinity	124:00:00:00	124:00:00:00	infinity	infinity	infinity	infinity	infinity	infinity	infinity	infinity	infinity	infinity	infinity	infinity	infinity	infinity	00:05:00	1								65	T
medium.q	m06	BP	13	59	80	1.34	lx-amd64	a	lx-amd64	80	2.952T	256.000G	3.202T	SCCCCCCCCCCCCCCCCCCCCSCCCCCCCCCCCCCCCCCCCCSCCCCCCCCCCCCCCCCCCCCSCCCCCCCCCCCCCCCCCCCC	SCCCCCCCCCCCCCCCCCCCCSCCCCCCCCCCCCCCCCCCCCSCCCCCCCCCCCCCCCCCCCCSCCCCCCCCCCCCCCCCCCCC	4	80	80	0	107.320000	108.640000	107.320000	109.850000	2.804T	255.739G	3.053T	152.354G	266.750M	152.614G	96.100000	32.000K	1.000M	27.500M	2.952T	154.673G	2.801T	8	377.256G	377.998G	377.998G	377.998G	377.998G	377.983G	377.998G	377.998G	[SCCCCCCCCCCCCCCCCCCCCSCCCCCCCCCCCCCCCCCCCCSCCCCCCCCCCCCCCCCCCCCSCCCCCCCCCCCCCCCCCCCC]	0	1.341500	1.358000	1.341500	1.373125	377.256G	377.998G	377.998G	377.998G	1.63	377.998G	377.983G	377.998G	377.998G	medium.q	m06	21	0	1	/tmp	NONE	infinity	124:00:00:00	124:00:00:00	infinity	infinity	infinity	infinity	infinity	infinity	infinity	infinity	infinity	infinity	infinity	infinity	infinity	infinity	00:05:00	1								8	T
medium.q	m04	BP	62	30	80	0.81	lx-amd64		lx-amd64	80	2.952T	256.000G	3.202T	SCCCCCCCCCCCCCCCCCCCCSCCCCCCCCCCCCCCCCCCCCSCCCCCCCCCCCCCCCCCCCCSCCCCCCCCCCCCCCCCCCCC	SCCCCCCCCCCCCCCCCCCCCSCCCCCCCCCCCCCCCCCCCCSCCCCCCCCCCCCCCCCCCCCSCCCCCCCCCCCCCCCCCCCC	4	80	80	0	65.060000	64.890000	65.060000	63.530000	2.740T	255.152G	2.989T	217.155G	867.875M	218.003G	91.400000	32.000K	1.000M	27.500M	2.952T	221.199G	2.736T	4	755.246G	755.996G	755.981G	755.996G					[SCCCCCCCCCCCCCCCCCCCC][SCCCCCCCCCCCCCCCCCCCC][SCCCCCCCCCCCCCCCCCCCC][SCCCCCCCCCCCCCCCCCCCC]	0	0.813250	0.811125	0.813250	0.794125	755.246G	755.996G	755.981G	755.996G	2.302					medium.q	m04	50	200	1	/tmp	NONE	infinity	124:00:00:00	124:00:00:00	infinity	infinity	infinity	infinity	infinity	infinity	infinity	infinity	infinity	infinity	infinity	infinity	infinity	infinity	00:05:00	1								-12	T
medium.q	m03	BP	0	68	80	0.97	lx-amd64		lx-amd64	80	2.952T	256.000G	3.202T	SCCCCCCCCCCCCCCCCCCCCSCCCCCCCCCCCCCCCCCCCCSCCCCCCCCCCCCCCCCCCCCSCCCCCCCCCCCCCCCCCCCC	SCCCCCCCCCCCCCCCCCCCCSCCCCCCCCCCCCCCCCCCCCSCCCCCCCCCCCCCCCCCCCCSCCCCCCCCCCCCCCCCCCCC	4	80	80	0	77.840000	75.930000	77.840000	91.580000	2.631T	255.592G	2.881T	328.760G	418.090M	329.168G	93.900000	32.000K	1.000M	27.500M	2.952T	332.624G	2.628T	4	755.246G	755.996G	755.981G	755.996G					[SCCCCCCCCCCCCCCCCCCCC][SCCCCCCCCCCCCCCCCCCCC][SCCCCCCCCCCCCCCCCCCCC][SCCCCCCCCCCCCCCCCCCCC]	0	0.973000	0.949125	0.973000	1.144750	755.246G	755.996G	755.981G	755.996G	2.359					medium.q	m03	12	200	1	/tmp	NONE	infinity	124:00:00:00	124:00:00:00	infinity	infinity	infinity	infinity	infinity	infinity	infinity	infinity	infinity	infinity	infinity	infinity	infinity	infinity	00:05:00	1								12	T
medium.q	m01	BP	26	54	80	0.72	lx-amd64		lx-amd64	80	2.952T	256.000G	3.202T	SCCCCCCCCCCCCCCCCCCCCSCCCCCCCCCCCCCCCCCCCCSCCCCCCCCCCCCCCCCCCCCSCCCCCCCCCCCCCCCCCCCC	SCCCCCCCCCCCCCCCCCCCCSCCCCCCCCCCCCCCCCCCCCSCCCCCCCCCCCCCCCCCCCCSCCCCCCCCCCCCCCCCCCCC	4	80	80	0	57.580000	59.590000	57.580000	56.520000	2.572T	255.401G	2.822T	389.284G	613.461M	389.883G	82.500000	32.000K	1.000M	27.500M	2.952T	392.339G	2.569T	8	377.256G	377.998G	377.998G	377.998G	377.998G	377.998G	377.998G	377.982G	[SCCCCCCCCCCCCCCCCCCCCSCCCCCCCCCCCCCCCCCCCCSCCCCCCCCCCCCCCCCCCCCSCCCCCCCCCCCCCCCCCCCC]	0	0.719750	0.744875	0.719750	0.706500	377.256G	377.998G	377.998G	377.998G	1.353	377.998G	377.998G	377.998G	377.982G	medium.q	m01	26	200	1	/tmp	NONE	infinity	124:00:00:00	124:00:00:00	infinity	infinity	infinity	infinity	infinity	infinity	infinity	infinity	infinity	infinity	infinity	infinity	infinity	infinity	00:05:00	1								0	T
medium.q	m07	BP	0	37	80	1.45	lx-amd64	a	lx-amd64	80	2.952T	256.000G	3.202T	SCCCCCCCCCCCCCCCCCCCCSCCCCCCCCCCCCCCCCCCCCSCCCCCCCCCCCCCCCCCCCCSCCCCCCCCCCCCCCCCCCCC	SCCCCCCCCCCCCCCCCCCCCSCCCCCCCCCCCCCCCCCCCCSCCCCCCCCCCCCCCCCCCCCSCCCCCCCCCCCCCCCCCCCC	4	80	80	0	116.120000	111.490000	116.120000	121.030000	2.726T	255.794G	2.976T	231.416G	210.500M	231.622G	93.000000	32.000K	1.000M	27.500M	2.952T	233.159G	2.725T	8	377.240G	377.998G	377.998G	377.998G	377.998G	377.998G	377.998G	377.998G	[SCCCCCCCCCCCCCCCCCCCCSCCCCCCCCCCCCCCCCCCCCSCCCCCCCCCCCCCCCCCCCCSCCCCCCCCCCCCCCCCCCCC]	0	1.451500	1.393625	1.451500	1.512875	377.240G	377.998G	377.998G	377.998G	1.304	377.998G	377.998G	377.998G	377.998G	medium.q	m07	43	0	1	/tmp	NONE	infinity	124:00:00:00	124:00:00:00	infinity	infinity	infinity	infinity	infinity	infinity	infinity	infinity	infinity	infinity	infinity	infinity	infinity	infinity	00:05:00	1								43	T
medium.q	m02	BP	0	28	80	0.24	lx-amd64		lx-amd64	80	2.952T	256.000G	3.202T	SCCCCCCCCCCCCCCCCCCCCSCCCCCCCCCCCCCCCCCCCCSCCCCCCCCCCCCCCCCCCCCSCCCCCCCCCCCCCCCCCCCC	SCCCCCCCCCCCCCCCCCCCCSCCCCCCCCCCCCCCCCCCCCSCCCCCCCCCCCCCCCCCCCCSCCCCCCCCCCCCCCCCCCCC	4	80	80	0	19.170000	19.480000	19.170000	19.350000	2.692T	255.761G	2.942T	266.846G	244.441M	267.085G	27.600000	32.000K	1.000M	27.500M	2.952T	268.700G	2.690T	8	377.240G	377.998G	377.998G	377.998G	377.998G	377.998G	377.998G	377.998G	[SCCCCCCCCCCCCCCCCCCCCSCCCCCCCCCCCCCCCCCCCCSCCCCCCCCCCCCCCCCCCCCSCCCCCCCCCCCCCCCCCCCC]	0	0.239625	0.243500	0.239625	0.241875	377.240G	377.998G	377.998G	377.998G	8.0	377.998G	377.998G	377.998G	377.998G	medium.q	m02	52	0	1	/tmp	NONE	infinity	124:00:00:00	124:00:00:00	infinity	infinity	infinity	infinity	infinity	infinity	infinity	infinity	infinity	infinity	infinity	infinity	infinity	infinity	00:05:00	1								52	G
medium.q	m10	BP	0	32	80	1.35	lx-amd64	a	lx-amd64	80	2.952T	256.000G	3.202T	SCCCCCCCCCCCCCCCCCCCCSCCCCCCCCCCCCCCCCCCCCSCCCCCCCCCCCCCCCCCCCCSCCCCCCCCCCCCCCCCCCCC	SCCCCCCCCCCCCCCCCCCCCSCCCCCCCCCCCCCCCCCCCCSCCCCCCCCCCCCCCCCCCCCSCCCCCCCCCCCCCCCCCCCC	4	80	80	0	108.140000	112.750000	108.140000	108.480000	2.734T	255.801G	2.984T	223.723G	204.098M	223.922G	95.900000	32.000K	1.000M	27.500M	2.952T	227.429G	2.730T	8	377.256G	377.998G	377.998G	377.998G	377.983G	377.998G	377.998G	377.998G	[SCCCCCCCCCCCCCCCCCCCCSCCCCCCCCCCCCCCCCCCCCSCCCCCCCCCCCCCCCCCCCCSCCCCCCCCCCCCCCCCCCCC]	0	1.351750	1.409375	1.351750	1.356000	377.256G	377.998G	377.998G	377.998G	1.104	377.983G	377.998G	377.998G	377.998G	medium.q	m10	48	0	1	/tmp	NONE	infinity	124:00:00:00	124:00:00:00	infinity	infinity	infinity	infinity	infinity	infinity	infinity	infinity	infinity	infinity	infinity	infinity	infinity	infinity	00:05:00	1								48	T
medium.q	m09	BP	0	77	80	1.54	lx-amd64	a	lx-amd64	80	2.952T	256.000G	3.202T	SCCCCCCCCCCCCCCCCCCCCSCCCCCCCCCCCCCCCCCCCCSCCCCCCCCCCCCCCCCCCCCSCCCCCCCCCCCCCCCCCCCC	SCCCCCCCCCCCCCCCCCCCCSCCCCCCCCCCCCCCCCCCCCSCCCCCCCCCCCCCCCCCCCCSCCCCCCCCCCCCCCCCCCCC	4	80	80	0	123.160000	125.960000	123.160000	130.510000	2.578T	254.533G	2.827T	382.980G	1.467G	384.447G	99.300000	32.000K	1.000M	27.500M	2.952T	384.592G	2.577T	4	755.246G	755.981G	755.996G	755.996G					[SCCCCCCCCCCCCCCCCCCCC][SCCCCCCCCCCCCCCCCCCCC][SCCCCCCCCCCCCCCCCCCCC][SCCCCCCCCCCCCCCCCCCCC]	0	1.539500	1.574500	1.539500	1.631375	755.246G	755.981G	755.996G	755.996G	466.8					medium.q	m09	3	0	1	/tmp	NONE	infinity	124:00:00:00	124:00:00:00	infinity	infinity	infinity	infinity	infinity	infinity	infinity	infinity	infinity	infinity	infinity	infinity	infinity	infinity	00:05:00	1								3	G
short.q	igt007	BP	0	0	16	0.12	lx-amd64		lx-amd64	24	377.405G	192.000G	569.405G	SCCCCCCCCCCCCSCCCCCCCCCCCC	SCCCCCCCCCCCCSCCCCCCCCCCCC	2	24	24	4	2.900000	2.560000	2.900000	3.060000	341.134G	190.475G	531.609G	36.271G	1.525G	37.796G	9.400000	32.000K	1.000M	24.750M	377.404G	37.690G	339.714G	4	93.924G	94.499G	94.499G	94.483G					[SCCCCCCCCCCCCSCCCCCCCCCCCC]	0	0.120833	0.106667	0.120833	0.127500	93.924G	94.499G	94.499G	94.483G						short.q	igt007	16	0	1	/tmp	NONE	infinity	01:00:00	3:00:00:00	infinity	infinity	infinity	infinity	infinity	infinity	infinity	infinity	infinity	infinity	infinity	infinity	infinity	infinity	00:05:00		0	192.000G	1					16	
short.q	igt002	BP	0	0	16	0.07	lx-amd64		lx-amd64	24	377.405G	192.000G	569.405G	SCCCCCCCCCCCCSCCCCCCCCCCCC	SCCCCCCCCCCCCSCCCCCCCCCCCC	2	24	24	4	1.640000	1.500000	1.640000	1.790000	347.732G	190.507G	538.238G	29.673G	1.493G	31.166G	6.900000	32.000K	1.000M	24.750M	377.404G	31.932G	345.473G	4	93.924G	94.499G	94.484G	94.498G					[SCCCCCCCCCCCCSCCCCCCCCCCCC]	0	0.068333	0.062500	0.068333	0.074583	93.924G	94.499G	94.484G	94.498G						short.q	igt002	16	0	1	/tmp	NONE	infinity	01:00:00	3:00:00:00	infinity	infinity	infinity	infinity	infinity	infinity	infinity	infinity	infinity	infinity	infinity	infinity	infinity	infinity	00:05:00		3	192.000G	1					16	
short.q	igt003	BP	0	0	16	0.15	lx-amd64		lx-amd64	24	377.397G	192.000G	569.397G	SCCCCCCCCCCCCSCCCCCCCCCCCC	SCCCCCCCCCCCCSCCCCCCCCCCCC	2	24	24	4	3.510000	3.590000	3.510000	3.410000	321.363G	190.816G	512.179G	56.034G	1.184G	57.219G	10.500000	32.000K	1.000M	24.750M	377.396G	68.958G	308.438G	2	188.415G	188.982G							[SCCCCCCCCCCCC][SCCCCCCCCCCCC]	0	0.146250	0.149583	0.146250	0.142083	188.415G	188.982G								short.q	igt003	16	0	1	/tmp	NONE	infinity	01:00:00	3:00:00:00	infinity	infinity	infinity	infinity	infinity	infinity	infinity	infinity	infinity	infinity	infinity	infinity	infinity	infinity	00:05:00		0	192.000G	1					16	
short.q	igt004	BP	0	0	16	0.07	lx-amd64		lx-amd64	24	377.397G	192.000G	569.397G	SCCCCCCCCCCCCSCCCCCCCCCCCC	SCCCCCCCCCCCCSCCCCCCCCCCCC	2	24	24	4	1.660000	1.570000	1.660000	1.660000	333.420G	190.969G	524.390G	43.977G	1.031G	45.008G	5.300000	32.000K	1.000M	24.750M	377.396G	48.407G	328.989G	2	188.415G	188.982G							[SCCCCCCCCCCCC][SCCCCCCCCCCCC]	0	0.069167	0.065417	0.069167	0.069167	188.415G	188.982G								short.q	igt004	16	0	1	/tmp	NONE	infinity	01:00:00	3:00:00:00	infinity	infinity	infinity	infinity	infinity	infinity	infinity	infinity	infinity	infinity	infinity	infinity	infinity	infinity	00:05:00		1	192.000G	1					16	
short.q	igt005	BP	0	0	16	0.08	lx-amd64		lx-amd64	24	377.405G	192.000G	569.405G	SCCCCCCCCCCCCSCCCCCCCCCCCC	SCCCCCCCCCCCCSCCCCCCCCCCCC	2	24	24	4	1.880000	2.080000	1.880000	1.970000	348.505G	190.276G	538.781G	28.900G	1.724G	30.623G	6.900000	32.000K	1.000M	24.750M	377.404G	29.821G	347.583G	4	93.924G	94.499G	94.484G	94.498G					[SCCCCCCCCCCCCSCCCCCCCCCCCC]	0	0.078333	0.086667	0.078333	0.082083	93.924G	94.499G	94.484G	94.498G						short.q	igt005	16	0	1	/tmp	NONE	infinity	01:00:00	3:00:00:00	infinity	infinity	infinity	infinity	infinity	infinity	infinity	infinity	infinity	infinity	infinity	infinity	infinity	infinity	00:05:00		0	192.000G	1					16	
short.q	igt006	BP	0	0	16	0.08	lx-amd64		lx-amd64	24	377.397G	192.000G	569.397G	SCCCCCCCCCCCCSCCCCCCCCCCCC	SCCCCCCCCCCCCSCCCCCCCCCCCC	2	24	24	4	1.920000	1.820000	1.920000	2.070000	332.710G	191.316G	524.025G	44.688G	700.750M	45.372G	6.200000	32.000K	1.000M	24.750M	377.396G	49.229G	328.167G	2	188.400G	188.997G							[SCCCCCCCCCCCC][SCCCCCCCCCCCC]	0	0.080000	0.075833	0.080000	0.086250	188.400G	188.997G								short.q	igt006	16	0	1	/tmp	NONE	infinity	01:00:00	3:00:00:00	infinity	infinity	infinity	infinity	infinity	infinity	infinity	infinity	infinity	infinity	infinity	infinity	infinity	infinity	00:05:00		0	192.000G	1					16	
short.q	igt008	BP	0	0	16	0.09	lx-amd64		lx-amd64	24	377.405G	192.000G	569.405G	SCCCCCCCCCCCCSCCCCCCCCCCCC	SCCCCCCCCCCCCSCCCCCCCCCCCC	2	24	24	4	2.110000	1.600000	2.110000	2.130000	347.475G	191.409G	538.883G	29.930G	605.250M	30.521G	7.000000	32.000K	1.000M	24.750M	377.404G	32.323G	345.081G	4	93.924G	94.484G	94.499G	94.498G					[SCCCCCCCCCCCCSCCCCCCCCCCCC]	0	0.087917	0.066667	0.087917	0.088750	93.924G	94.484G	94.499G	94.498G						short.q	igt008	16	0	1	/tmp	NONE	infinity	01:00:00	3:00:00:00	infinity	infinity	infinity	infinity	infinity	infinity	infinity	infinity	infinity	infinity	infinity	infinity	infinity	infinity	00:05:00		0	192.000G	1					16	
